customer_name,City,customer_id
Neha Khan,Chennai,C1
Kiran Khan,unknown,C2
Sneha Sharma,Chennai,C3
Anjali Sharma,Mumbai,C4
Sneha Iyer,Delhi,C5
Anjali Reddy,Chennai,C6
Sneha Khan,Pune,C7
Vikas Khan,Pune,C8
Amit Joshi,Mumbai,C9
Neha Gupta,Bangalore,C10
unknown,Mumbai,C11
Vikas Khan,Bangalore,C12
Sneha Joshi,Bangalore,C13
Kiran Nair,Delhi,C14
Neha Khan,unknown,C15
Rahul Khan,Pune,C16
Neha Khan,Hyderabad,C17
Priya Patel,Mumbai,C18
unknown,Pune,C19
unknown,Hyderabad,C20
Amit Iyer,Hyderabad,C21
Neha Verma,Bangalore,C22
Anjali Sharma,Chennai,C23
Priya Iyer,Delhi,C24
Arjun Sharma,Chennai,C25
Anjali Reddy,Pune,C26
Rahul Verma,Pune,C27
Neha Yadav,Delhi,C28
Anjali Yadav,Bangalore,C29
Sneha Patel,Bangalore,C30
Anjali Joshi,unknown,C31
Kiran Sharma,Mumbai,C32
Neha Reddy,Hyderabad,C33
Priya Khan,unknown,C34
Arjun Reddy,unknown,C35
Sneha Joshi,Mumbai,C36
Priya Yadav,Mumbai,C37
Kiran Gupta,Mumbai,C38
Arjun Nair,Hyderabad,C39
Rahul Khan,Chennai,C40
Amit Khan,Hyderabad,C41
Rahul Khan,Chennai,C42
Arjun Yadav,unknown,C43
Pooja Verma,Mumbai,C44
Amit Verma,Hyderabad,C45
unknown,Delhi,C46
unknown,Mumbai,C47
Kiran Verma,Hyderabad,C48
Vikas Reddy,Delhi,C49
Pooja Sharma,Chennai,C50
Neha Khan,unknown,C51
unknown,Pune,C52
Pooja Gupta,Mumbai,C53
unknown,Bangalore,C54
Rahul Gupta,unknown,C55
Kiran Verma,Chennai,C56
unknown,unknown,C57
Amit Khan,Delhi,C58
Sneha Verma,Chennai,C59
Priya Gupta,Pune,C60
Vikas Iyer,Pune,C61
Rahul Nair,Chennai,C62
Pooja Iyer,Pune,C63
Neha Patel,Delhi,C64
Vikas Gupta,Mumbai,C65
Sneha Sharma,Hyderabad,C66
unknown,unknown,C67
Priya Nair,Delhi,C68
unknown,Mumbai,C69
Amit Khan,Bangalore,C70
Neha Iyer,Chennai,C71
Kiran Sharma,Hyderabad,C72
Arjun Patel,Chennai,C73
Pooja Verma,Delhi,C74
unknown,Delhi,C75
Amit Iyer,Delhi,C76
Anjali Iyer,Hyderabad,C77
Amit Iyer,unknown,C78
unknown,unknown,C79
Arjun Iyer,Bangalore,C80
Kiran Yadav,Bangalore,C81
Pooja Nair,Delhi,C82
Kiran Gupta,Mumbai,C83
Pooja Gupta,Pune,C84
Anjali Yadav,Delhi,C85
Priya Patel,Pune,C86
Rahul Joshi,Mumbai,C87
Priya Verma,unknown,C88
Amit Sharma,Hyderabad,C89
Arjun Gupta,Chennai,C90
Priya Joshi,Hyderabad,C91
Arjun Iyer,Hyderabad,C92
unknown,Chennai,C93
Arjun Reddy,unknown,C94
Amit Khan,Pune,C95
Vikas Gupta,Mumbai,C96
Vikas Patel,Delhi,C97
Rahul Sharma,unknown,C98
Neha Iyer,Pune,C99
Amit Sharma,Delhi,C100
Neha Nair,Delhi,C101
Anjali Verma,Mumbai,C102
unknown,Delhi,C103
Priya Sharma,Delhi,C104
Vikas Verma,Hyderabad,C105
Vikas Nair,Delhi,C106
Neha Reddy,Mumbai,C107
Sneha Sharma,unknown,C108
Neha Yadav,Mumbai,C109
Anjali Khan,Mumbai,C110
Anjali Iyer,unknown,C111
Neha Iyer,Delhi,C112
Amit Gupta,unknown,C113
unknown,Delhi,C114
Arjun Verma,Chennai,C115
Neha Iyer,Hyderabad,C116
Anjali Verma,Delhi,C117
unknown,unknown,C118
Arjun Sharma,Mumbai,C119
Neha Reddy,Pune,C120
Arjun Patel,Bangalore,C121
Sneha Reddy,Bangalore,C122
Vikas Iyer,unknown,C123
Kiran Patel,Pune,C124
Neha Joshi,Chennai,C125
Kiran Iyer,Delhi,C126
Sneha Reddy,Hyderabad,C127
Rahul Yadav,Bangalore,C128
Pooja Iyer,Chennai,C129
Kiran Nair,Chennai,C130
Rahul Reddy,Bangalore,C131
Amit Reddy,Delhi,C132
Kiran Reddy,unknown,C133
Pooja Reddy,Bangalore,C134
Arjun Gupta,Bangalore,C135
Amit Nair,Bangalore,C136
unknown,Delhi,C137
Priya Joshi,Hyderabad,C138
Pooja Joshi,Chennai,C139
Sneha Yadav,Chennai,C140
unknown,Pune,C141
Arjun Joshi,unknown,C142
Arjun Yadav,Pune,C143
Sneha Reddy,Hyderabad,C144
Anjali Sharma,Chennai,C145
Pooja Yadav,Delhi,C146
unknown,unknown,C147
Kiran Verma,Delhi,C148
unknown,Hyderabad,C149
Neha Patel,Mumbai,C150
Amit Patel,Delhi,C151
Sneha Gupta,Delhi,C152
Vikas Khan,Delhi,C153
Rahul Joshi,unknown,C154
Neha Khan,Delhi,C155
Amit Iyer,Mumbai,C156
Priya Reddy,Pune,C157
Kiran Gupta,Delhi,C158
unknown,Pune,C159
Amit Iyer,Pune,C160
Vikas Gupta,Delhi,C161
Sneha Iyer,Pune,C162
Neha Nair,Pune,C163
Priya Sharma,Mumbai,C164
Arjun Reddy,unknown,C165
Anjali Iyer,Pune,C166
Priya Gupta,Pune,C167
Rahul Nair,Mumbai,C168
Anjali Iyer,Pune,C169
Vikas Nair,Chennai,C170
Arjun Verma,Mumbai,C171
Priya Nair,Chennai,C172
Priya Nair,unknown,C173
Neha Patel,Mumbai,C174
Amit Nair,Hyderabad,C175
Pooja Patel,Pune,C176
Neha Yadav,Mumbai,C177
Amit Reddy,Pune,C178
Amit Sharma,Chennai,C179
Arjun Patel,Chennai,C180
Neha Joshi,Delhi,C181
Neha Joshi,Hyderabad,C182
Sneha Sharma,Pune,C183
Rahul Yadav,Chennai,C184
Sneha Iyer,Hyderabad,C185
Amit Nair,Mumbai,C186
Anjali Reddy,Pune,C187
Arjun Iyer,Hyderabad,C188
Arjun Patel,unknown,C189
Sneha Reddy,unknown,C190
Rahul Joshi,Mumbai,C191
Amit Gupta,Hyderabad,C192
unknown,Hyderabad,C193
Kiran Reddy,Delhi,C194
Vikas Nair,unknown,C195
Vikas Reddy,Pune,C196
Neha Yadav,Hyderabad,C197
Arjun Yadav,Chennai,C198
Neha Yadav,Bangalore,C199
Arjun Verma,unknown,C200
Rahul Reddy,Delhi,C201
Pooja Iyer,Delhi,C202
Neha Yadav,Bangalore,C203
Kiran Iyer,Bangalore,C204
Anjali Verma,Hyderabad,C205
Neha Joshi,Bangalore,C206
Arjun Sharma,Hyderabad,C207
Pooja Joshi,Delhi,C208
Kiran Iyer,unknown,C209
unknown,Hyderabad,C210
Priya Verma,Chennai,C211
Rahul Gupta,Bangalore,C212
Vikas Verma,Bangalore,C213
Kiran Iyer,Mumbai,C214
Vikas Iyer,Chennai,C215
Priya Khan,Chennai,C216
Priya Gupta,unknown,C217
unknown,unknown,C218
Amit Reddy,Bangalore,C219
Vikas Yadav,Bangalore,C220
Pooja Joshi,unknown,C221
Kiran Verma,Mumbai,C222
unknown,Pune,C223
Vikas Khan,Mumbai,C224
Sneha Verma,unknown,C225
Arjun Joshi,Mumbai,C226
Vikas Khan,Chennai,C227
unknown,unknown,C228
Pooja Nair,unknown,C229
Kiran Gupta,Chennai,C230
Anjali Gupta,Bangalore,C231
Neha Nair,Bangalore,C232
Vikas Reddy,Delhi,C233
unknown,Delhi,C234
Rahul Gupta,Delhi,C235
Amit Sharma,Mumbai,C236
Rahul Gupta,Delhi,C237
Arjun Khan,unknown,C238
Kiran Sharma,Delhi,C239
Priya Yadav,Delhi,C240
Pooja Nair,Mumbai,C241
Amit Iyer,unknown,C242
Amit Nair,Bangalore,C243
Priya Iyer,Hyderabad,C244
Neha Reddy,Bangalore,C245
Rahul Khan,Pune,C246
Amit Iyer,Bangalore,C247
Anjali Gupta,Chennai,C248
Pooja Iyer,Hyderabad,C249
Pooja Nair,Hyderabad,C250
Priya Gupta,Bangalore,C251
Sneha Reddy,Bangalore,C252
Neha Gupta,Pune,C253
Kiran Reddy,Mumbai,C254
Sneha Iyer,Hyderabad,C255
Priya Joshi,Mumbai,C256
Vikas Verma,unknown,C257
Rahul Khan,Chennai,C258
Neha Iyer,Bangalore,C259
Anjali Verma,Bangalore,C260
unknown,Hyderabad,C261
Sneha Joshi,Pune,C262
Amit Khan,Mumbai,C263
Neha Reddy,Pune,C264
Kiran Yadav,Hyderabad,C265
Vikas Joshi,Chennai,C266
Arjun Reddy,Mumbai,C267
Amit Iyer,Bangalore,C268
Sneha Gupta,Bangalore,C269
Anjali Reddy,Bangalore,C270
Rahul Reddy,Hyderabad,C271
Neha Khan,Mumbai,C272
Anjali Joshi,Hyderabad,C273
Rahul Verma,Delhi,C274
Kiran Khan,unknown,C275
Pooja Sharma,Mumbai,C276
Priya Patel,Bangalore,C277
unknown,Delhi,C278
Kiran Patel,Hyderabad,C279
unknown,Pune,C280
Anjali Joshi,unknown,C281
Amit Patel,Chennai,C282
Neha Khan,Bangalore,C283
Kiran Verma,Bangalore,C284
Anjali Yadav,Pune,C285
Rahul Patel,Bangalore,C286
Kiran Yadav,Bangalore,C287
Pooja Patel,Chennai,C288
unknown,Mumbai,C289
Priya Khan,Hyderabad,C290
Neha Joshi,Delhi,C291
Rahul Patel,Delhi,C292
Sneha Gupta,Chennai,C293
Sneha Yadav,Bangalore,C294
Neha Reddy,Delhi,C295
Sneha Reddy,Pune,C296
Neha Sharma,Hyderabad,C297
Arjun Khan,Pune,C298
Rahul Joshi,Pune,C299
Anjali Sharma,Mumbai,C300
Vikas Nair,Delhi,C301
Pooja Patel,unknown,C302
Amit Yadav,Delhi,C303
Pooja Nair,Mumbai,C304
Vikas Reddy,unknown,C305
unknown,Hyderabad,C306
Neha Gupta,Chennai,C307
Sneha Gupta,Hyderabad,C308
unknown,unknown,C309
Amit Nair,Delhi,C310
Amit Khan,Bangalore,C311
Sneha Patel,Pune,C312
Pooja Verma,Mumbai,C313
Sneha Nair,Delhi,C314
Anjali Gupta,Mumbai,C315
Amit Joshi,Chennai,C316
Neha Nair,Hyderabad,C317
Neha Patel,unknown,C318
Priya Joshi,Delhi,C319
Amit Yadav,Hyderabad,C320
Amit Joshi,Mumbai,C321
Rahul Gupta,Mumbai,C322
Arjun Gupta,Chennai,C323
Arjun Nair,Delhi,C324
Kiran Joshi,Pune,C325
Rahul Nair,unknown,C326
Sneha Patel,unknown,C327
Rahul Reddy,unknown,C328
unknown,Bangalore,C329
Amit Sharma,Bangalore,C330
unknown,Hyderabad,C331
Sneha Sharma,Bangalore,C332
Neha Gupta,Hyderabad,C333
Kiran Khan,Hyderabad,C334
Vikas Gupta,Bangalore,C335
Kiran Verma,Delhi,C336
Neha Patel,Chennai,C337
unknown,Pune,C338
Sneha Reddy,Chennai,C339
Amit Khan,Mumbai,C340
Pooja Sharma,Mumbai,C341
Pooja Gupta,Chennai,C342
Anjali Sharma,Bangalore,C343
Vikas Patel,Delhi,C344
Neha Sharma,unknown,C345
Pooja Gupta,Chennai,C346
Vikas Reddy,Pune,C347
Pooja Patel,Mumbai,C348
Sneha Sharma,unknown,C349
Vikas Khan,Mumbai,C350
Kiran Patel,unknown,C351
Priya Iyer,Delhi,C352
Amit Nair,Delhi,C353
Anjali Patel,Chennai,C354
Rahul Yadav,Chennai,C355
unknown,Bangalore,C356
Neha Joshi,Chennai,C357
Vikas Nair,Pune,C358
Pooja Yadav,unknown,C359
Vikas Yadav,Pune,C360
Amit Reddy,unknown,C361
Rahul Gupta,Chennai,C362
Rahul Nair,Bangalore,C363
Pooja Gupta,Chennai,C364
Amit Gupta,Mumbai,C365
Rahul Verma,unknown,C366
Amit Gupta,unknown,C367
Amit Verma,Delhi,C368
Arjun Nair,Chennai,C369
Anjali Gupta,Pune,C370
Anjali Nair,Hyderabad,C371
Sneha Verma,Mumbai,C372
unknown,Chennai,C373
unknown,Pune,C374
Neha Reddy,unknown,C375
Sneha Sharma,Chennai,C376
Kiran Sharma,Hyderabad,C377
Vikas Iyer,Bangalore,C378
Arjun Patel,Delhi,C379
Arjun Reddy,Hyderabad,C380
Priya Gupta,unknown,C381
Priya Iyer,Bangalore,C382
Sneha Nair,Hyderabad,C383
Sneha Verma,Chennai,C384
Neha Iyer,unknown,C385
Vikas Reddy,Bangalore,C386
Pooja Reddy,Pune,C387
Anjali Khan,Chennai,C388
Pooja Yadav,unknown,C389
Vikas Reddy,Pune,C390
Amit Nair,unknown,C391
Rahul Patel,Delhi,C392
Priya Nair,Mumbai,C393
Pooja Sharma,Chennai,C394
Rahul Sharma,Delhi,C395
Priya Nair,unknown,C396
Neha Khan,Hyderabad,C397
Anjali Yadav,unknown,C398
Neha Reddy,Bangalore,C399
Priya Patel,Mumbai,C400
Pooja Khan,Delhi,C401
Rahul Patel,Bangalore,C402
Pooja Khan,Bangalore,C403
Arjun Yadav,Bangalore,C404
unknown,Delhi,C405
Kiran Nair,Mumbai,C406
Neha Khan,Bangalore,C407
Sneha Iyer,Delhi,C408
Neha Sharma,Bangalore,C409
Vikas Joshi,Pune,C410
Rahul Gupta,Mumbai,C411
Sneha Joshi,Hyderabad,C412
Kiran Patel,Chennai,C413
Amit Reddy,Pune,C414
Sneha Yadav,unknown,C415
Neha Gupta,Mumbai,C416
Priya Patel,Delhi,C417
Amit Verma,Chennai,C418
Pooja Sharma,Mumbai,C419
Anjali Gupta,Hyderabad,C420
Rahul Reddy,Pune,C421
Kiran Reddy,Chennai,C422
Sneha Nair,Mumbai,C423
Anjali Reddy,Bangalore,C424
Anjali Sharma,Delhi,C425
Neha Khan,Hyderabad,C426
Amit Reddy,Bangalore,C427
Priya Patel,Pune,C428
Priya Yadav,Pune,C429
Amit Yadav,Chennai,C430
Vikas Sharma,Mumbai,C431
Kiran Sharma,Chennai,C432
Anjali Sharma,Pune,C433
Neha Yadav,Chennai,C434
Amit Joshi,Pune,C435
Arjun Patel,unknown,C436
Amit Nair,Mumbai,C437
unknown,Chennai,C438
Amit Gupta,Hyderabad,C439
unknown,Bangalore,C440
Rahul Verma,unknown,C441
Sneha Gupta,unknown,C442
Rahul Patel,Pune,C443
Sneha Verma,unknown,C444
Arjun Khan,Hyderabad,C445
Pooja Verma,Pune,C446
Sneha Khan,Delhi,C447
Priya Gupta,Chennai,C448
unknown,Pune,C449
Priya Verma,Hyderabad,C450
Neha Patel,Mumbai,C451
Arjun Yadav,Chennai,C452
Kiran Iyer,Hyderabad,C453
Neha Nair,Mumbai,C454
Vikas Iyer,Hyderabad,C455
Kiran Gupta,Hyderabad,C456
Rahul Patel,Hyderabad,C457
Priya Reddy,Delhi,C458
Sneha Iyer,Bangalore,C459
Vikas Patel,Bangalore,C460
Sneha Verma,Pune,C461
Priya Gupta,Hyderabad,C462
unknown,Chennai,C463
Anjali Joshi,Pune,C464
Pooja Verma,Chennai,C465
Arjun Gupta,unknown,C466
Pooja Nair,Pune,C467
Arjun Verma,Hyderabad,C468
Pooja Gupta,Delhi,C469
Sneha Yadav,unknown,C470
Vikas Reddy,Bangalore,C471
unknown,Delhi,C472
Rahul Patel,Chennai,C473
Sneha Khan,unknown,C474
Priya Joshi,unknown,C475
Arjun Sharma,Chennai,C476
Sneha Iyer,unknown,C477
Arjun Iyer,unknown,C478
Pooja Khan,Chennai,C479
Kiran Khan,Delhi,C480
Sneha Yadav,Chennai,C481
Vikas Verma,Mumbai,C482
Vikas Verma,Delhi,C483
Arjun Yadav,unknown,C484
unknown,Pune,C485
Sneha Sharma,Pune,C486
Amit Yadav,Pune,C487
unknown,Mumbai,C488
Pooja Sharma,Mumbai,C489
unknown,Bangalore,C490
Arjun Khan,Delhi,C491
Rahul Joshi,Delhi,C492
Pooja Sharma,Hyderabad,C493
Anjali Nair,Bangalore,C494
Anjali Iyer,Hyderabad,C495
Neha Patel,Mumbai,C496
Priya Nair,unknown,C497
Arjun Verma,Delhi,C498
Pooja Patel,Hyderabad,C499
Rahul Nair,unknown,C500
Sneha Khan,Bangalore,C501
Vikas Joshi,Delhi,C502
Priya Patel,Chennai,C503
Vikas Reddy,Mumbai,C504
Rahul Yadav,unknown,C505
Sneha Patel,unknown,C506
Neha Khan,Pune,C507
Neha Joshi,Bangalore,C508
Sneha Iyer,Pune,C509
Kiran Gupta,Hyderabad,C510
Sneha Yadav,unknown,C511
Kiran Yadav,unknown,C512
Priya Gupta,Chennai,C513
Anjali Khan,Chennai,C514
Priya Reddy,Hyderabad,C515
Rahul Sharma,Mumbai,C516
Rahul Verma,Mumbai,C517
Pooja Joshi,Chennai,C518
Amit Sharma,Pune,C519
Anjali Joshi,Mumbai,C520
Vikas Nair,Chennai,C521
Rahul Nair,Mumbai,C522
unknown,Bangalore,C523
unknown,Chennai,C524
Neha Gupta,Delhi,C525
Pooja Yadav,Hyderabad,C526
Amit Joshi,Hyderabad,C527
Pooja Iyer,Hyderabad,C528
Anjali Patel,Chennai,C529
Priya Gupta,unknown,C530
Sneha Joshi,Bangalore,C531
unknown,Bangalore,C532
Amit Patel,Delhi,C533
Arjun Yadav,Mumbai,C534
Sneha Gupta,unknown,C535
Sneha Patel,Delhi,C536
Priya Sharma,unknown,C537
Rahul Yadav,Pune,C538
Pooja Khan,unknown,C539
unknown,Chennai,C540
Neha Nair,Delhi,C541
unknown,Bangalore,C542
Vikas Patel,Hyderabad,C543
Priya Khan,unknown,C544
Priya Sharma,Mumbai,C545
Pooja Khan,Pune,C546
Anjali Iyer,Delhi,C547
Kiran Joshi,Hyderabad,C548
Vikas Joshi,Hyderabad,C549
Kiran Yadav,Mumbai,C550
Sneha Gupta,Mumbai,C551
Sneha Khan,Bangalore,C552
Sneha Khan,Bangalore,C553
Vikas Sharma,Hyderabad,C554
Sneha Yadav,Chennai,C555
Rahul Iyer,Mumbai,C556
Priya Reddy,Hyderabad,C557
Kiran Gupta,Delhi,C558
Rahul Reddy,Bangalore,C559
Anjali Reddy,Chennai,C560
Anjali Khan,Chennai,C561
Vikas Nair,Pune,C562
Amit Sharma,Hyderabad,C563
unknown,unknown,C564
Pooja Verma,Bangalore,C565
Vikas Yadav,Delhi,C566
Anjali Joshi,Pune,C567
Amit Gupta,Hyderabad,C568
Sneha Sharma,Mumbai,C569
Amit Yadav,Pune,C570
Pooja Iyer,Bangalore,C571
unknown,Bangalore,C572
Arjun Gupta,Bangalore,C573
Kiran Reddy,Hyderabad,C574
Amit Iyer,Chennai,C575
Neha Patel,Hyderabad,C576
unknown,Delhi,C577
Arjun Gupta,unknown,C578
Rahul Joshi,Pune,C579
Vikas Patel,unknown,C580
Neha Sharma,unknown,C581
Rahul Yadav,Delhi,C582
Anjali Khan,unknown,C583
Amit Nair,Mumbai,C584
Sneha Patel,Delhi,C585
Pooja Iyer,Pune,C586
Priya Gupta,Bangalore,C587
Arjun Yadav,Pune,C588
Priya Verma,Hyderabad,C589
Sneha Reddy,unknown,C590
Pooja Nair,Pune,C591
Amit Verma,Delhi,C592
Pooja Khan,Pune,C593
Anjali Yadav,Pune,C594
Kiran Yadav,Pune,C595
unknown,Bangalore,C596
Sneha Iyer,Delhi,C597
Priya Nair,Chennai,C598
Priya Reddy,Hyderabad,C599
Sneha Verma,Chennai,C600
unknown,Delhi,C601
Anjali Reddy,Bangalore,C602
Neha Gupta,Mumbai,C603
Anjali Nair,Mumbai,C604
Priya Nair,Hyderabad,C605
unknown,Delhi,C606
Pooja Iyer,Pune,C607
Vikas Nair,Chennai,C608
Arjun Reddy,Delhi,C609
Amit Gupta,Chennai,C610
Anjali Nair,Delhi,C611
Vikas Patel,Delhi,C612
Vikas Verma,unknown,C613
Vikas Nair,Mumbai,C614
Kiran Gupta,unknown,C615
Vikas Yadav,Chennai,C616
Neha Gupta,Bangalore,C617
Sneha Nair,unknown,C618
Neha Khan,Pune,C619
Neha Verma,Bangalore,C620
Pooja Reddy,Mumbai,C621
Arjun Sharma,Mumbai,C622
Sneha Nair,Bangalore,C623
Rahul Patel,Mumbai,C624
Amit Joshi,unknown,C625
Rahul Verma,Bangalore,C626
Vikas Gupta,Bangalore,C627
Rahul Khan,Bangalore,C628
Vikas Verma,Chennai,C629
Priya Joshi,Bangalore,C630
unknown,Bangalore,C631
Priya Gupta,Hyderabad,C632
Kiran Joshi,Hyderabad,C633
Neha Sharma,Mumbai,C634
Pooja Sharma,Mumbai,C635
Sneha Khan,Hyderabad,C636
Vikas Yadav,Pune,C637
Vikas Sharma,Mumbai,C638
Rahul Nair,Mumbai,C639
Neha Khan,unknown,C640
Arjun Sharma,Bangalore,C641
Anjali Nair,Mumbai,C642
Anjali Yadav,Delhi,C643
unknown,Hyderabad,C644
Kiran Reddy,Hyderabad,C645
Vikas Nair,Hyderabad,C646
Neha Patel,Pune,C647
Rahul Patel,Mumbai,C648
Anjali Reddy,Pune,C649
Pooja Patel,Bangalore,C650
Kiran Khan,Delhi,C651
Pooja Yadav,Bangalore,C652
Rahul Reddy,Bangalore,C653
Rahul Verma,Hyderabad,C654
Neha Verma,Delhi,C655
Amit Iyer,Delhi,C656
Neha Yadav,Bangalore,C657
Sneha Sharma,Pune,C658
Rahul Reddy,unknown,C659
Kiran Gupta,Delhi,C660
Pooja Verma,Pune,C661
Pooja Gupta,Delhi,C662
unknown,Hyderabad,C663
Pooja Reddy,Hyderabad,C664
Pooja Patel,unknown,C665
Pooja Nair,Bangalore,C666
Neha Verma,Bangalore,C667
Vikas Sharma,Hyderabad,C668
Anjali Iyer,Mumbai,C669
Amit Patel,Chennai,C670
Amit Sharma,Mumbai,C671
Kiran Khan,Pune,C672
Amit Verma,Mumbai,C673
Rahul Patel,Mumbai,C674
Anjali Reddy,Hyderabad,C675
Vikas Iyer,unknown,C676
Amit Nair,unknown,C677
Sneha Yadav,Delhi,C678
Anjali Nair,Hyderabad,C679
Priya Sharma,Bangalore,C680
Priya Verma,Pune,C681
unknown,Pune,C682
Amit Verma,Bangalore,C683
Arjun Verma,Bangalore,C684
Amit Nair,Chennai,C685
Priya Sharma,Pune,C686
Sneha Verma,Delhi,C687
Sneha Reddy,Pune,C688
Neha Patel,unknown,C689
Anjali Patel,Mumbai,C690
unknown,Delhi,C691
Arjun Joshi,Delhi,C692
Pooja Reddy,Pune,C693
unknown,Bangalore,C694
Sneha Yadav,Mumbai,C695
Amit Khan,Bangalore,C696
Neha Sharma,Bangalore,C697
Sneha Joshi,Delhi,C698
Neha Nair,Pune,C699
Arjun Sharma,Mumbai,C700
Arjun Gupta,Mumbai,C701
Arjun Iyer,Delhi,C702
Neha Gupta,Pune,C703
Anjali Sharma,Chennai,C704
Pooja Iyer,Delhi,C705
Rahul Khan,Mumbai,C706
Vikas Nair,Mumbai,C707
Amit Reddy,unknown,C708
Pooja Nair,Hyderabad,C709
Neha Sharma,Chennai,C710
Pooja Reddy,Bangalore,C711
Rahul Verma,Hyderabad,C712
unknown,Hyderabad,C713
Priya Gupta,Chennai,C714
Rahul Verma,Pune,C715
Pooja Joshi,Mumbai,C716
Vikas Patel,Pune,C717
Pooja Iyer,Hyderabad,C718
Anjali Nair,unknown,C719
Kiran Nair,Hyderabad,C720
Pooja Reddy,Bangalore,C721
Sneha Nair,Pune,C722
unknown,Delhi,C723
Anjali Gupta,Pune,C724
Amit Patel,Hyderabad,C725
Rahul Gupta,Chennai,C726
Vikas Nair,Pune,C727
Amit Iyer,Mumbai,C728
Neha Verma,Chennai,C729
Anjali Nair,Chennai,C730
Priya Joshi,Mumbai,C731
unknown,Hyderabad,C732
Arjun Gupta,Delhi,C733
Rahul Sharma,Delhi,C734
Rahul Joshi,Bangalore,C735
Vikas Joshi,Bangalore,C736
unknown,Pune,C737
Amit Khan,Bangalore,C738
Arjun Yadav,Bangalore,C739
Priya Sharma,Bangalore,C740
unknown,unknown,C741
Rahul Khan,Pune,C742
Pooja Verma,unknown,C743
Kiran Khan,Mumbai,C744
Anjali Reddy,unknown,C745
Priya Reddy,Mumbai,C746
Sneha Joshi,unknown,C747
Rahul Joshi,Chennai,C748
Arjun Verma,Hyderabad,C749
Neha Joshi,Pune,C750
Kiran Iyer,Bangalore,C751
Neha Joshi,Delhi,C752
Priya Khan,Delhi,C753
Vikas Sharma,Bangalore,C754
Rahul Iyer,Bangalore,C755
unknown,unknown,C756
Vikas Verma,Bangalore,C757
Sneha Verma,Hyderabad,C758
Vikas Nair,Chennai,C759
Vikas Khan,Pune,C760
Amit Nair,Mumbai,C761
Priya Reddy,Mumbai,C762
Neha Gupta,Bangalore,C763
Anjali Joshi,Delhi,C764
Anjali Khan,unknown,C765
Sneha Yadav,Bangalore,C766
Anjali Iyer,Hyderabad,C767
Rahul Verma,Hyderabad,C768
Vikas Iyer,Mumbai,C769
Vikas Yadav,Pune,C770
Neha Verma,Pune,C771
Rahul Patel,Bangalore,C772
Arjun Nair,Chennai,C773
Amit Khan,Bangalore,C774
Rahul Sharma,Pune,C775
Kiran Khan,Mumbai,C776
Neha Reddy,Pune,C777
Vikas Sharma,Delhi,C778
Kiran Joshi,Bangalore,C779
Sneha Joshi,unknown,C780
Pooja Sharma,Delhi,C781
Vikas Gupta,Hyderabad,C782
Priya Yadav,Delhi,C783
Rahul Joshi,Bangalore,C784
Sneha Sharma,Hyderabad,C785
Rahul Verma,Hyderabad,C786
Vikas Yadav,Chennai,C787
Priya Khan,Pune,C788
unknown,Bangalore,C789
Priya Khan,Bangalore,C790
Vikas Patel,Pune,C791
Priya Gupta,Hyderabad,C792
Arjun Verma,Mumbai,C793
Priya Verma,Pune,C794
Arjun Iyer,Hyderabad,C795
Pooja Patel,unknown,C796
Neha Reddy,Chennai,C797
Arjun Nair,Bangalore,C798
Priya Joshi,Bangalore,C799
Amit Khan,Mumbai,C800
Neha Nair,Mumbai,C801
unknown,Chennai,C802
Neha Reddy,Pune,C803
Pooja Iyer,Chennai,C804
Arjun Sharma,Delhi,C805
Priya Reddy,unknown,C806
Neha Khan,Bangalore,C807
Rahul Yadav,Bangalore,C808
Amit Gupta,Bangalore,C809
Sneha Reddy,Bangalore,C810
Vikas Iyer,Bangalore,C811
unknown,Chennai,C812
Neha Patel,Bangalore,C813
Neha Joshi,Chennai,C814
Amit Iyer,Bangalore,C815
Pooja Sharma,Chennai,C816
Amit Verma,Mumbai,C817
Vikas Iyer,Delhi,C818
Vikas Patel,Mumbai,C819
Kiran Joshi,Chennai,C820
Rahul Yadav,Mumbai,C821
Amit Verma,Chennai,C822
Priya Sharma,Mumbai,C823
Neha Khan,Hyderabad,C824
Kiran Gupta,unknown,C825
unknown,Chennai,C826
Kiran Yadav,Pune,C827
Vikas Gupta,Delhi,C828
Neha Khan,Delhi,C829
Neha Iyer,Chennai,C830
Arjun Nair,Bangalore,C831
Vikas Khan,Hyderabad,C832
Pooja Nair,Delhi,C833
Amit Nair,Hyderabad,C834
Anjali Iyer,Chennai,C835
Pooja Reddy,Mumbai,C836
Pooja Reddy,Pune,C837
Amit Yadav,Chennai,C838
Vikas Patel,Pune,C839
Rahul Nair,Delhi,C840
Priya Joshi,Bangalore,C841
Sneha Joshi,Pune,C842
Pooja Patel,Mumbai,C843
unknown,Chennai,C844
Vikas Reddy,Hyderabad,C845
Rahul Khan,Pune,C846
Amit Nair,unknown,C847
Rahul Sharma,Hyderabad,C848
Kiran Patel,Hyderabad,C849
Pooja Verma,Delhi,C850
Anjali Gupta,Mumbai,C851
Amit Gupta,Hyderabad,C852
Sneha Iyer,Delhi,C853
unknown,Pune,C854
Kiran Verma,Chennai,C855
Amit Khan,Bangalore,C856
Priya Khan,Pune,C857
Pooja Khan,Delhi,C858
Priya Gupta,Delhi,C859
Priya Khan,Delhi,C860
unknown,Delhi,C861
Rahul Reddy,Hyderabad,C862
Vikas Patel,Delhi,C863
Kiran Yadav,unknown,C864
Amit Patel,Delhi,C865
Kiran Nair,Hyderabad,C866
Kiran Yadav,Bangalore,C867
Pooja Joshi,unknown,C868
Kiran Gupta,Mumbai,C869
Amit Reddy,unknown,C870
unknown,unknown,C871
Amit Khan,Hyderabad,C872
Arjun Verma,unknown,C873
Rahul Verma,Pune,C874
Neha Joshi,Bangalore,C875
unknown,unknown,C876
Arjun Sharma,Pune,C877
Pooja Iyer,Mumbai,C878
Anjali Sharma,Pune,C879
Pooja Nair,unknown,C880
Anjali Nair,Mumbai,C881
Vikas Patel,Chennai,C882
Priya Nair,unknown,C883
Sneha Yadav,Delhi,C884
Neha Sharma,Bangalore,C885
unknown,unknown,C886
Anjali Verma,Hyderabad,C887
Pooja Reddy,Mumbai,C888
Pooja Khan,Delhi,C889
Rahul Gupta,Pune,C890
Pooja Khan,Hyderabad,C891
Kiran Gupta,Chennai,C892
Priya Yadav,Pune,C893
Vikas Verma,unknown,C894
Sneha Nair,Chennai,C895
Priya Patel,Pune,C896
Anjali Khan,Hyderabad,C897
Amit Yadav,unknown,C898
unknown,Bangalore,C899
Rahul Khan,unknown,C900
Amit Joshi,Bangalore,C901
Priya Khan,Delhi,C902
Kiran Khan,Chennai,C903
Priya Reddy,Pune,C904
Pooja Nair,Pune,C905
Kiran Iyer,Delhi,C906
Priya Sharma,Delhi,C907
unknown,Hyderabad,C908
Sneha Iyer,Delhi,C909
Priya Nair,unknown,C910
Pooja Khan,Pune,C911
Pooja Verma,unknown,C912
Amit Iyer,unknown,C913
Vikas Joshi,unknown,C914
Priya Iyer,unknown,C915
Sneha Yadav,Hyderabad,C916
Sneha Iyer,Delhi,C917
Neha Yadav,unknown,C918
unknown,Pune,C919
Kiran Patel,Pune,C920
Amit Khan,Delhi,C921
Neha Joshi,Mumbai,C922
Amit Patel,Chennai,C923
Priya Reddy,Bangalore,C924
Amit Khan,Delhi,C925
Vikas Khan,Hyderabad,C926
Priya Iyer,unknown,C927
Rahul Reddy,Chennai,C928
Neha Sharma,Delhi,C929
Priya Joshi,Bangalore,C930
Anjali Patel,Bangalore,C931
Priya Gupta,Hyderabad,C932
Arjun Patel,Hyderabad,C933
Anjali Verma,Mumbai,C934
Pooja Yadav,Delhi,C935
Arjun Yadav,Delhi,C936
Kiran Iyer,unknown,C937
Vikas Patel,Chennai,C938
Arjun Iyer,Hyderabad,C939
Kiran Iyer,Hyderabad,C940
Neha Khan,Hyderabad,C941
Amit Iyer,Mumbai,C942
Vikas Yadav,Hyderabad,C943
Rahul Reddy,unknown,C944
Rahul Khan,Hyderabad,C945
Pooja Nair,Pune,C946
Vikas Patel,Pune,C947
Kiran Khan,Delhi,C948
Neha Reddy,Chennai,C949
Pooja Patel,unknown,C950
Kiran Gupta,Pune,C951
unknown,Delhi,C952
Sneha Khan,unknown,C953
Sneha Gupta,Chennai,C954
Neha Yadav,Mumbai,C955
Arjun Sharma,unknown,C956
Sneha Nair,Mumbai,C957
Vikas Nair,unknown,C958
Anjali Iyer,Mumbai,C959
Neha Gupta,Delhi,C960
Vikas Yadav,Hyderabad,C961
Priya Joshi,Hyderabad,C962
Priya Patel,Delhi,C963
unknown,unknown,C964
Sneha Sharma,Bangalore,C965
Vikas Gupta,Hyderabad,C966
Anjali Khan,Mumbai,C967
Sneha Iyer,Chennai,C968
Anjali Reddy,Hyderabad,C969
Vikas Verma,unknown,C970
Vikas Iyer,Pune,C971
Vikas Sharma,Mumbai,C972
Rahul Khan,Pune,C973
Kiran Patel,Pune,C974
Amit Khan,Delhi,C975
Rahul Iyer,unknown,C976
Pooja Iyer,Pune,C977
Amit Sharma,unknown,C978
Priya Nair,unknown,C979
Rahul Iyer,Chennai,C980
Priya Gupta,unknown,C981
Amit Gupta,unknown,C982
Kiran Iyer,Mumbai,C983
Amit Patel,Hyderabad,C984
Sneha Yadav,Hyderabad,C985
unknown,Hyderabad,C986
Rahul Nair,Pune,C987
Sneha Verma,Mumbai,C988
unknown,Mumbai,C989
Vikas Verma,Pune,C990
unknown,Bangalore,C991
unknown,Mumbai,C992
Kiran Reddy,Bangalore,C993
Neha Patel,Pune,C994
Neha Gupta,Delhi,C995
Anjali Joshi,unknown,C996
Sneha Sharma,Hyderabad,C997
Vikas Joshi,Pune,C998
Arjun Khan,unknown,C999
Priya Patel,Mumbai,C1000
Sneha Joshi,Bangalore,C1001
unknown,Pune,C1002
Sneha Gupta,Pune,C1003
Kiran Iyer,Bangalore,C1004
unknown,Hyderabad,C1005
Kiran Joshi,Bangalore,C1006
Kiran Iyer,Pune,C1007
Rahul Gupta,Mumbai,C1008
Amit Iyer,unknown,C1009
Kiran Sharma,Chennai,C1010
Rahul Khan,Chennai,C1011
Sneha Reddy,unknown,C1012
Arjun Patel,Hyderabad,C1013
unknown,Bangalore,C1014
unknown,Hyderabad,C1015
Anjali Gupta,Bangalore,C1016
Rahul Sharma,Delhi,C1017
Amit Gupta,unknown,C1018
Priya Reddy,Hyderabad,C1019
Kiran Reddy,Pune,C1020
Pooja Verma,Bangalore,C1021
Kiran Yadav,unknown,C1022
Neha Joshi,unknown,C1023
Vikas Gupta,Chennai,C1024
Kiran Patel,Mumbai,C1025
Amit Verma,Hyderabad,C1026
Anjali Yadav,Bangalore,C1027
Arjun Joshi,Chennai,C1028
Kiran Joshi,unknown,C1029
Rahul Patel,unknown,C1030
Pooja Sharma,Pune,C1031
Anjali Iyer,Pune,C1032
Priya Gupta,unknown,C1033
Rahul Khan,Bangalore,C1034
Rahul Joshi,Delhi,C1035
Neha Khan,Chennai,C1036
Arjun Yadav,Pune,C1037
Kiran Gupta,Mumbai,C1038
Rahul Joshi,Chennai,C1039
unknown,Delhi,C1040
Rahul Reddy,unknown,C1041
Vikas Iyer,Pune,C1042
Pooja Iyer,unknown,C1043
Rahul Gupta,Mumbai,C1044
Kiran Khan,Pune,C1045
unknown,Delhi,C1046
Sneha Patel,Chennai,C1047
unknown,unknown,C1048
Sneha Iyer,Chennai,C1049
Neha Yadav,Hyderabad,C1050
Anjali Verma,Bangalore,C1051
Anjali Joshi,Chennai,C1052
Anjali Iyer,Bangalore,C1053
Pooja Gupta,Delhi,C1054
Rahul Khan,Pune,C1055
unknown,Delhi,C1056
Vikas Gupta,Pune,C1057
Arjun Nair,Pune,C1058
Neha Reddy,Hyderabad,C1059
Anjali Iyer,Chennai,C1060
Amit Joshi,Delhi,C1061
Vikas Patel,Pune,C1062
Amit Joshi,Hyderabad,C1063
Arjun Reddy,Chennai,C1064
Kiran Reddy,Hyderabad,C1065
Amit Sharma,unknown,C1066
Anjali Khan,Pune,C1067
Kiran Iyer,Mumbai,C1068
Neha Verma,Delhi,C1069
Priya Joshi,Hyderabad,C1070
Sneha Iyer,Mumbai,C1071
Arjun Patel,Delhi,C1072
Kiran Patel,Pune,C1073
Neha Nair,unknown,C1074
Priya Gupta,Delhi,C1075
Vikas Patel,Bangalore,C1076
Rahul Gupta,Delhi,C1077
Pooja Patel,Delhi,C1078
Rahul Khan,Mumbai,C1079
unknown,Bangalore,C1080
Rahul Nair,Bangalore,C1081
Rahul Iyer,Chennai,C1082
Amit Sharma,Delhi,C1083
Sneha Joshi,Bangalore,C1084
Amit Iyer,Mumbai,C1085
Vikas Reddy,Delhi,C1086
Amit Joshi,Chennai,C1087
Kiran Joshi,Hyderabad,C1088
Vikas Yadav,Mumbai,C1089
Neha Khan,Delhi,C1090
Kiran Verma,Pune,C1091
Arjun Iyer,Hyderabad,C1092
Amit Sharma,Chennai,C1093
Priya Sharma,unknown,C1094
Pooja Iyer,Hyderabad,C1095
unknown,Mumbai,C1096
Arjun Nair,Bangalore,C1097
Kiran Khan,Hyderabad,C1098
Sneha Gupta,Chennai,C1099
Kiran Sharma,Chennai,C1100
Arjun Reddy,Delhi,C1101
Amit Yadav,Chennai,C1102
Neha Iyer,Chennai,C1103
Rahul Joshi,Mumbai,C1104
Anjali Yadav,unknown,C1105
Pooja Khan,Mumbai,C1106
Rahul Verma,Hyderabad,C1107
Rahul Reddy,Pune,C1108
Arjun Nair,Delhi,C1109
Neha Reddy,Mumbai,C1110
Amit Khan,Mumbai,C1111
Pooja Patel,Mumbai,C1112
Pooja Patel,Bangalore,C1113
Priya Joshi,Pune,C1114
Pooja Reddy,Pune,C1115
Priya Joshi,unknown,C1116
Anjali Sharma,Chennai,C1117
Rahul Joshi,Mumbai,C1118
Rahul Verma,Hyderabad,C1119
Vikas Verma,Bangalore,C1120
Rahul Patel,Bangalore,C1121
Priya Khan,Pune,C1122
Pooja Sharma,unknown,C1123
Kiran Patel,Chennai,C1124
Pooja Reddy,Chennai,C1125
Vikas Joshi,Mumbai,C1126
Pooja Yadav,Bangalore,C1127
Rahul Khan,Pune,C1128
Pooja Verma,Hyderabad,C1129
Sneha Sharma,Delhi,C1130
Vikas Gupta,Pune,C1131
Kiran Joshi,Delhi,C1132
Sneha Reddy,Hyderabad,C1133
Arjun Iyer,Pune,C1134
Neha Yadav,Bangalore,C1135
Pooja Joshi,unknown,C1136
Neha Joshi,Bangalore,C1137
