Order_ID,customer_id,product_id,Order_Date,City,Region,Quantity,Price,Total_Sales,Payment_Method
1000,C1,P1,2023-01-01,Chennai,West,1,50996,50996,Cash
1002,C2,P2,2023-01-03,unknown,North,2,56052,112104,Credit Card
1004,C3,P1,2023-01-05,Chennai,West,4,7790,31160,UPI
1005,C4,P4,2023-01-06,Mumbai,South,3,77354,232062,Credit Card
1006,C5,P5,2023-01-07,Delhi,North,2,51058,102116,Debit Card
1007,C6,P6,2023-01-08,Chennai,South,3,8781,26343,unknown
1008,C7,P1,2023-01-09,Pune,unknown,1,49935,49935,unknown
1009,C8,P1,2023-01-10,Pune,North,4,35922,143688,Credit Card
1010,C9,P9,2023-01-11,Mumbai,unknown,1,73597,73597,Credit Card
1011,C10,P2,2023-01-12,Bangalore,East,4,53068,212272,UPI
1012,C11,P11,2023-01-13,Mumbai,North,4,25872,103488,Debit Card
1013,C8,P2,2023-01-14,Bangalore,West,1,16928,16928,Cash
1014,C13,P5,2023-01-15,Bangalore,East,1,76070,76070,Cash
1015,C14,P1,2023-01-16,Delhi,West,4,32076,128304,Cash
1016,C1,P9,2023-01-17,unknown,North,2,60554,121108,Cash
1017,C16,P16,2023-01-18,Pune,East,1,57906,57906,Credit Card
1018,C1,P2,2023-01-19,Hyderabad,South,1,4126,4126,Debit Card
1019,C18,P11,2023-01-20,Mumbai,South,3,52257,156771,Credit Card
1020,C11,P6,2023-01-21,Pune,South,1,17798,17798,Cash
1021,C11,P20,2023-01-22,Hyderabad,South,1,1862,1862,Debit Card
1022,C21,P4,2023-01-23,Hyderabad,North,4,79109,316436,Credit Card
1023,C22,P6,2023-01-24,Bangalore,South,1,14046,14046,UPI
1024,C4,P6,2023-01-25,Chennai,West,1,31310,31310,Cash
1025,C24,P20,2023-01-26,Delhi,North,2,36484,72968,unknown
1027,C25,P5,2023-01-28,Chennai,South,4,56915,227660,Credit Card
1028,C6,P20,2023-01-29,Pune,South,3,51265,153795,Debit Card
1029,C27,P27,2023-01-30,Pune,North,2,22753,45506,unknown
1030,C28,P16,2023-01-31,Delhi,unknown,2,45311,90622,Debit Card
1031,C29,P27,2023-02-01,Bangalore,West,1,54428,54428,Debit Card
1032,C30,P11,2023-02-02,Bangalore,unknown,4,23676,94704,Debit Card
1033,C31,P1,2023-02-03,unknown,South,2,40978,81956,Cash
1035,C32,P16,2023-02-05,Mumbai,West,1,7371,7371,unknown
1036,C33,P1,2023-02-06,Hyderabad,West,4,38141,152564,Credit Card
1037,C34,P11,2023-02-07,unknown,East,2,73152,146304,Cash
1038,C35,P5,2023-02-08,unknown,unknown,1,35574,35574,UPI
1040,C13,P16,2023-02-10,Mumbai,West,2,7588,15176,Debit Card
1041,C37,P4,2023-02-11,Mumbai,North,3,31124,93372,Debit Card
1042,C38,P5,2023-02-12,Mumbai,East,2,12140,24280,Cash
1043,C39,P9,2023-02-13,Hyderabad,West,1,77685,77685,Debit Card
1044,C16,P27,2023-02-14,Chennai,unknown,4,77977,311908,Credit Card
1045,C41,P2,2023-02-15,Hyderabad,South,4,51578,206312,UPI
1046,C16,P9,2023-02-16,Chennai,West,1,15160,15160,Credit Card
1047,C43,P2,2023-02-17,unknown,North,3,8431,25293,UPI
1048,C44,P1,2023-02-18,Mumbai,West,2,23359,46718,Credit Card
1049,C45,P4,2023-02-19,Hyderabad,North,2,45683,91366,Debit Card
1050,C11,P20,2023-02-20,Delhi,North,4,53257,213028,Debit Card
1051,C11,P9,2023-02-21,Mumbai,unknown,2,13303,26606,Cash
1052,C48,P16,2023-02-22,Hyderabad,South,2,17337,34674,Cash
1053,C49,P20,2023-02-23,Delhi,South,4,72032,288128,unknown
1054,C50,P16,2023-02-24,Chennai,North,3,60606,181818,Debit Card
1055,C1,P5,2023-02-25,unknown,North,2,73495,146990,UPI
1056,C11,P20,2023-02-26,Pune,South,2,54791,109582,Cash
1057,C53,P20,2023-02-27,Mumbai,West,1,22516,22516,unknown
1058,C11,P5,2023-02-28,Bangalore,West,1,59358,59358,Credit Card
1059,C55,P5,2023-03-01,unknown,North,4,47850,191400,Credit Card
1060,C48,P1,2023-03-02,Chennai,North,3,74435,223305,Cash
1061,C11,P1,2023-03-03,unknown,South,2,67696,135392,unknown
1062,C41,P20,2023-03-04,Delhi,North,3,39954,119862,Credit Card
1063,C59,P5,2023-03-05,Chennai,unknown,3,9233,27699,UPI
1065,C60,P6,2023-03-07,Pune,North,4,56621,226484,Credit Card
1066,C61,P1,2023-03-08,Pune,West,3,4032,12096,UPI
1067,C62,P5,2023-03-09,Chennai,South,1,49796,49796,Credit Card
1068,C63,P20,2023-03-10,Pune,East,4,45214,180856,Cash
1069,C64,P1,2023-03-11,Delhi,East,1,32980,32980,Cash
1070,C65,P11,2023-03-12,Mumbai,unknown,2,63438,126876,unknown
1071,C3,P6,2023-03-13,Hyderabad,East,2,53861,107722,Credit Card
1073,C11,P4,2023-03-15,unknown,North,3,38339,115017,Credit Card
1074,C68,P16,2023-03-16,Delhi,North,3,6562,19686,unknown
1075,C11,P1,2023-03-17,Mumbai,North,2,17173,34346,Credit Card
1076,C41,P16,2023-03-18,Bangalore,North,1,76256,76256,UPI
1077,C71,P4,2023-03-19,Chennai,North,2,63276,126552,UPI
1078,C32,P6,2023-03-20,Hyderabad,East,4,31061,124244,Cash
1079,C73,P16,2023-03-21,Chennai,North,1,71595,71595,unknown
1080,C44,P4,2023-03-22,Delhi,South,3,23765,71295,Credit Card
1081,C11,P2,2023-03-23,Delhi,unknown,4,55821,223284,Debit Card
1082,C21,P20,2023-03-24,Delhi,North,3,30892,92676,Debit Card
1083,C77,P4,2023-03-25,Hyderabad,South,1,56272,56272,unknown
1084,C21,P27,2023-03-26,unknown,North,3,24343,73029,Debit Card
1085,C11,P6,2023-03-27,unknown,unknown,3,34871,104613,UPI
1086,C80,P6,2023-03-28,Bangalore,East,1,12054,12054,unknown
1087,C81,P11,2023-03-29,Bangalore,North,3,9580,28740,Credit Card
1088,C82,P16,2023-03-30,Delhi,West,3,78129,234387,UPI
1089,C38,P6,2023-03-31,Mumbai,East,3,34539,103617,unknown
1090,C53,P11,2023-04-01,Pune,South,2,64107,128214,Credit Card
1091,C29,P1,2023-04-02,Delhi,South,3,29747,89241,unknown
1092,C18,P6,2023-04-03,Pune,East,4,17284,69136,UPI
1093,C87,P20,2023-04-04,Mumbai,North,3,71088,213264,UPI
1094,C88,P11,2023-04-05,unknown,East,4,54916,219664,UPI
1095,C89,P16,2023-04-06,Hyderabad,unknown,4,44265,177060,Debit Card
1096,C90,P27,2023-04-07,Chennai,South,2,72168,144336,UPI
1097,C91,P5,2023-04-08,Hyderabad,West,1,47740,47740,UPI
1098,C80,P16,2023-04-09,Hyderabad,South,1,56028,56028,Cash
1099,C11,P20,2023-04-10,Chennai,West,3,15698,47094,UPI
1100,C35,P4,2023-04-11,unknown,East,1,38823,38823,Debit Card
1101,C41,P1,2023-04-12,Pune,East,1,37754,37754,Debit Card
1102,C65,P11,2023-04-13,Mumbai,West,3,29549,88647,Cash
1103,C97,P9,2023-04-14,Delhi,unknown,2,49369,98738,Credit Card
1104,C98,P11,2023-04-15,unknown,unknown,3,20268,60804,Cash
1105,C71,P27,2023-04-16,Pune,South,1,49098,49098,Debit Card
1106,C89,P5,2023-04-17,Delhi,North,3,2606,7818,UPI
1107,C101,P9,2023-04-18,Delhi,North,3,7904,23712,Cash
1108,C102,P9,2023-04-19,Mumbai,East,2,57047,114094,UPI
1111,C11,P9,2023-04-22,Delhi,East,4,46923,187692,Debit Card
1112,C104,P2,2023-04-23,Delhi,unknown,3,6230,18690,Cash
1113,C105,P1,2023-04-24,Hyderabad,unknown,3,45661,136983,unknown
1114,C106,P9,2023-04-25,Delhi,East,4,1973,7892,UPI
1116,C33,P27,2023-04-27,Mumbai,East,3,52614,157842,Cash
1117,C3,P27,2023-04-28,unknown,unknown,1,26763,26763,Cash
1118,C28,P27,2023-04-29,Mumbai,North,3,31575,94725,Debit Card
1119,C110,P16,2023-04-30,Mumbai,North,4,21489,85956,Credit Card
1120,C77,P11,2023-05-01,unknown,North,4,60909,243636,Cash
1121,C71,P4,2023-05-02,Delhi,unknown,4,50675,202700,Debit Card
1122,C113,P20,2023-05-03,unknown,West,2,23339,46678,Credit Card
1123,C11,P5,2023-05-04,Delhi,East,1,33700,33700,Credit Card
1124,C115,P5,2023-05-05,Chennai,East,3,60683,182049,unknown
1125,C71,P16,2023-05-06,Hyderabad,South,4,36361,145444,unknown
1126,C102,P1,2023-05-07,Delhi,West,4,48285,193140,unknown
1127,C11,P1,2023-05-08,unknown,South,2,43093,86186,unknown
1128,C25,P20,2023-05-09,Mumbai,unknown,2,2368,4736,UPI
1129,C33,P9,2023-05-10,Pune,West,2,52310,104620,unknown
1130,C73,P9,2023-05-11,Bangalore,West,3,67329,201987,Debit Card
1131,C122,P6,2023-05-12,Bangalore,West,3,57365,172095,Debit Card
1132,C61,P6,2023-05-13,unknown,West,1,40395,40395,Cash
1133,C124,P11,2023-05-14,Pune,unknown,2,62653,125306,Cash
1134,C125,P20,2023-05-15,Chennai,North,4,70641,282564,Debit Card
1135,C126,P9,2023-05-16,Delhi,East,3,65277,195831,Debit Card
1136,C122,P5,2023-05-17,Hyderabad,South,2,66826,133652,unknown
1137,C128,P9,2023-05-18,Bangalore,North,1,64754,64754,Credit Card
1138,C63,P9,2023-05-19,Chennai,South,3,26337,79011,Credit Card
1139,C14,P16,2023-05-20,Chennai,unknown,1,27768,27768,Debit Card
1140,C131,P11,2023-05-21,Bangalore,unknown,3,6235,18705,unknown
1141,C132,P16,2023-05-22,Delhi,unknown,4,40246,160984,Cash
1142,C133,P5,2023-05-23,unknown,North,2,48814,97628,unknown
1143,C134,P9,2023-05-24,Bangalore,East,2,13854,27708,Credit Card
1144,C90,P20,2023-05-25,Bangalore,unknown,4,23112,92448,UPI
1145,C136,P5,2023-05-26,Bangalore,unknown,3,4696,14088,Cash
1146,C11,P27,2023-05-27,Delhi,West,1,68379,68379,unknown
1147,C91,P11,2023-05-28,Hyderabad,West,2,78092,156184,UPI
1148,C139,P9,2023-05-29,Chennai,West,4,23001,92004,Cash
1152,C140,P9,2023-06-02,Chennai,North,4,49453,197812,Cash
1154,C11,P6,2023-06-04,Pune,North,1,43315,43315,unknown
1155,C142,P9,2023-06-05,unknown,unknown,4,25778,103112,Credit Card
1156,C43,P11,2023-06-06,Pune,unknown,4,45815,183260,UPI
1157,C122,P27,2023-06-07,Hyderabad,North,4,22500,90000,Credit Card
1158,C4,P9,2023-06-08,Chennai,South,4,32256,129024,unknown
1159,C146,P20,2023-06-09,Delhi,South,4,22564,90256,unknown
1160,C11,P9,2023-06-10,unknown,South,3,3569,10707,UPI
1161,C48,P4,2023-06-11,Delhi,East,1,58712,58712,Debit Card
1162,C11,P6,2023-06-12,Hyderabad,South,4,32321,129284,unknown
1163,C64,P4,2023-06-13,Mumbai,West,1,34604,34604,Cash
1164,C151,P20,2023-06-14,Delhi,South,1,77548,77548,Cash
1165,C152,P27,2023-06-15,Delhi,East,2,28485,56970,UPI
1166,C8,P11,2023-06-16,Delhi,East,3,5312,15936,Credit Card
1167,C87,P20,2023-06-17,unknown,North,2,11537,23074,Cash
1168,C1,P11,2023-06-18,Delhi,unknown,1,57113,57113,Debit Card
1169,C21,P1,2023-06-19,Mumbai,South,3,10805,32415,Credit Card
1170,C157,P1,2023-06-20,Pune,South,2,75861,151722,Debit Card
1171,C38,P4,2023-06-21,Delhi,unknown,3,52940,158820,Debit Card
1172,C11,P4,2023-06-22,Pune,unknown,4,14743,58972,unknown
1173,C21,P1,2023-06-23,Pune,East,4,71687,286748,Debit Card
1174,C65,P1,2023-06-24,Delhi,unknown,4,38121,152484,Credit Card
1175,C5,P4,2023-06-25,Pune,unknown,2,68176,136352,Debit Card
1176,C101,P20,2023-06-26,Pune,East,1,12330,12330,Cash
1177,C104,P5,2023-06-27,Mumbai,East,1,79545,79545,Credit Card
1178,C35,P27,2023-06-28,unknown,West,1,42722,42722,UPI
1179,C77,P1,2023-06-29,Pune,North,4,12344,49376,Cash
1180,C60,P16,2023-06-30,Pune,South,4,21121,84484,Credit Card
1181,C62,P27,2023-07-01,Mumbai,unknown,2,4050,8100,Debit Card
1182,C77,P16,2023-07-02,Pune,West,1,40652,40652,Cash
1183,C106,P2,2023-07-03,Chennai,unknown,2,3914,7828,UPI
1184,C115,P1,2023-07-04,Mumbai,South,3,73531,220593,UPI
1185,C68,P9,2023-07-05,Chennai,South,4,34337,137348,UPI
1186,C68,P27,2023-07-06,unknown,East,3,52010,156030,unknown
1187,C64,P9,2023-07-07,Mumbai,South,1,67122,67122,Credit Card
1188,C136,P9,2023-07-08,Hyderabad,East,4,33756,135024,unknown
1189,C176,P9,2023-07-09,Pune,West,1,2515,2515,Credit Card
1190,C28,P2,2023-07-10,Mumbai,South,3,7380,22140,unknown
1191,C132,P5,2023-07-11,Pune,North,1,23421,23421,Debit Card
1192,C89,P16,2023-07-12,Chennai,South,2,6897,13794,UPI
1193,C73,P2,2023-07-13,Chennai,South,4,30778,123112,Credit Card
1194,C125,P9,2023-07-14,Delhi,South,1,36295,36295,UPI
1195,C125,P20,2023-07-15,Hyderabad,West,4,49262,197048,Credit Card
1196,C3,P27,2023-07-16,Pune,unknown,4,20889,83556,unknown
1197,C128,P20,2023-07-17,Chennai,South,2,30637,61274,Debit Card
1198,C5,P9,2023-07-18,Hyderabad,West,1,14047,14047,Credit Card
1199,C136,P11,2023-07-19,Mumbai,unknown,3,43800,131400,Cash
1200,C6,P5,2023-07-20,Pune,South,1,24040,24040,UPI
1201,C80,P1,2023-07-21,Hyderabad,West,2,3341,6682,Cash
1202,C73,P2,2023-07-22,unknown,East,3,5515,16545,UPI
1203,C122,P16,2023-07-23,unknown,West,3,36067,108201,Credit Card
1204,C87,P9,2023-07-24,Mumbai,North,2,67043,134086,Credit Card
1205,C113,P27,2023-07-25,Hyderabad,West,1,40667,40667,Credit Card
1206,C11,P9,2023-07-26,Hyderabad,South,1,32712,32712,unknown
1207,C133,P16,2023-07-27,Delhi,South,1,19374,19374,Debit Card
1208,C106,P20,2023-07-28,unknown,unknown,3,51196,153588,unknown
1209,C49,P5,2023-07-29,Pune,North,4,61353,245412,Debit Card
1210,C28,P11,2023-07-30,Hyderabad,West,1,59094,59094,Cash
1211,C43,P6,2023-07-31,Chennai,East,3,20061,60183,Credit Card
1212,C28,P11,2023-08-01,Bangalore,North,3,2924,8772,Credit Card
1213,C115,P4,2023-08-02,unknown,unknown,3,8687,26061,Debit Card
1214,C131,P4,2023-08-03,Delhi,South,2,21505,43010,Credit Card
1215,C63,P2,2023-08-04,Delhi,East,4,64814,259256,Cash
1216,C28,P11,2023-08-05,Bangalore,East,1,65192,65192,Debit Card
1217,C126,P4,2023-08-06,Bangalore,North,1,45632,45632,Cash
1218,C102,P1,2023-08-07,Hyderabad,unknown,3,78009,234027,Debit Card
1219,C125,P1,2023-08-08,Bangalore,unknown,1,4448,4448,UPI
1220,C25,P20,2023-08-09,Hyderabad,South,4,9131,36524,Cash
1221,C139,P16,2023-08-10,Delhi,North,2,34787,69574,Debit Card
1222,C126,P2,2023-08-11,unknown,East,4,43341,173364,Credit Card
1223,C11,P27,2023-08-12,Hyderabad,East,4,59799,239196,UPI
1224,C88,P6,2023-08-13,Chennai,South,2,5772,11544,Debit Card
1225,C55,P20,2023-08-14,Bangalore,South,4,55940,223760,Cash
1226,C105,P20,2023-08-15,Bangalore,North,1,63784,63784,UPI
1227,C126,P20,2023-08-16,Mumbai,West,3,50726,152178,Cash
1228,C61,P1,2023-08-17,Chennai,West,1,43107,43107,Debit Card
1229,C34,P1,2023-08-18,Chennai,East,1,54688,54688,unknown
1230,C60,P16,2023-08-19,unknown,West,1,11222,11222,Cash
1231,C11,P5,2023-08-20,unknown,unknown,3,6497,19491,Cash
1232,C132,P2,2023-08-21,Bangalore,unknown,3,12300,36900,unknown
1233,C220,P11,2023-08-22,Bangalore,South,1,47801,47801,Debit Card
1234,C139,P5,2023-08-23,unknown,South,2,28782,57564,Cash
1235,C48,P9,2023-08-24,Mumbai,East,4,64536,258144,UPI
1236,C11,P27,2023-08-25,Pune,South,3,57470,172410,Credit Card
1237,C8,P5,2023-08-26,Mumbai,unknown,1,49355,49355,Debit Card
1238,C59,P16,2023-08-27,unknown,unknown,1,47093,47093,unknown
1239,C142,P2,2023-08-28,Mumbai,South,2,53089,106178,Debit Card
1240,C8,P16,2023-08-29,Chennai,East,3,43841,131523,UPI
1241,C11,P27,2023-08-30,unknown,unknown,2,29336,58672,unknown
1242,C82,P27,2023-08-31,unknown,unknown,1,2639,2639,unknown
1243,C38,P11,2023-09-01,Chennai,East,2,61263,122526,Cash
1244,C231,P20,2023-09-02,Bangalore,North,3,18401,55203,UPI
1245,C101,P16,2023-09-03,Bangalore,East,1,56068,56068,Cash
1246,C49,P27,2023-09-04,Delhi,unknown,3,22837,68511,Credit Card
1247,C11,P1,2023-09-05,Delhi,East,2,32214,64428,Credit Card
1249,C55,P4,2023-09-07,Delhi,unknown,2,37751,75502,unknown
1250,C89,P2,2023-09-08,Mumbai,unknown,3,44476,133428,Cash
1251,C55,P1,2023-09-09,Delhi,West,4,52719,210876,Debit Card
1252,C238,P5,2023-09-10,unknown,South,4,38230,152920,UPI
1253,C32,P20,2023-09-11,Delhi,unknown,1,64853,64853,Credit Card
1254,C37,P20,2023-09-12,Delhi,North,4,28495,113980,Debit Card
1255,C82,P11,2023-09-13,Mumbai,North,1,7845,7845,Debit Card
1256,C21,P4,2023-09-14,unknown,South,1,1844,1844,Cash
1257,C136,P1,2023-09-15,Bangalore,West,4,55776,223104,UPI
1258,C24,P27,2023-09-16,Hyderabad,North,3,38848,116544,unknown
1259,C33,P16,2023-09-17,Bangalore,West,2,69754,139508,Cash
1261,C16,P11,2023-09-19,Pune,East,2,40111,80222,UPI
1262,C21,P5,2023-09-20,Bangalore,South,2,62594,125188,Credit Card
1263,C231,P9,2023-09-21,Chennai,East,4,73115,292460,Debit Card
1264,C63,P11,2023-09-22,Hyderabad,North,2,7544,15088,Cash
1265,C82,P5,2023-09-23,Hyderabad,East,3,27051,81153,Credit Card
1266,C60,P20,2023-09-24,Bangalore,South,3,19864,59592,unknown
1267,C122,P11,2023-09-25,Bangalore,unknown,2,72203,144406,unknown
1268,C10,P2,2023-09-26,Pune,North,2,57001,114002,Credit Card
1269,C133,P11,2023-09-27,Mumbai,West,2,38075,76150,Debit Card
1270,C5,P5,2023-09-28,Hyderabad,unknown,4,69398,277592,Cash
1271,C91,P11,2023-09-29,Mumbai,North,1,31323,31323,UPI
1272,C105,P6,2023-09-30,unknown,West,2,46757,93514,Debit Card
1273,C16,P6,2023-10-01,Chennai,West,4,78965,315860,Debit Card
1274,C71,P27,2023-10-02,Bangalore,West,3,44625,133875,Cash
1275,C102,P20,2023-10-03,Bangalore,West,2,57591,115182,Cash
1276,C11,P5,2023-10-04,Hyderabad,West,4,8695,34780,Debit Card
1277,C13,P4,2023-10-05,Pune,South,3,31887,95661,UPI
1278,C41,P2,2023-10-06,Mumbai,East,2,40479,80958,Credit Card
1279,C33,P27,2023-10-07,Pune,North,1,21737,21737,Credit Card
1280,C81,P6,2023-10-08,Hyderabad,East,1,26947,26947,Debit Card
1281,C266,P16,2023-10-09,Chennai,unknown,1,58198,58198,unknown
1282,C35,P6,2023-10-10,Mumbai,West,2,77158,154316,Cash
1283,C21,P11,2023-10-11,Bangalore,South,2,34943,69886,Cash
1284,C152,P4,2023-10-12,Bangalore,West,4,69547,278188,Credit Card
1285,C6,P9,2023-10-13,Bangalore,North,3,20605,61815,Debit Card
1286,C131,P11,2023-10-14,Hyderabad,North,4,74977,299908,Debit Card
1287,C1,P5,2023-10-15,Mumbai,East,1,49035,49035,Cash
1288,C31,P6,2023-10-16,Hyderabad,North,1,17222,17222,Debit Card
1289,C27,P5,2023-10-17,Delhi,South,2,71195,142390,Debit Card
1290,C2,P2,2023-10-18,unknown,South,2,65891,131782,Cash
1291,C50,P16,2023-10-19,Mumbai,West,1,15529,15529,Credit Card
1292,C18,P1,2023-10-20,Bangalore,North,3,16149,48447,unknown
1293,C11,P27,2023-10-21,Delhi,East,2,16629,33258,Debit Card
1294,C124,P2,2023-10-22,Hyderabad,North,3,53008,159024,unknown
1295,C11,P2,2023-10-23,Pune,South,2,9509,19018,Credit Card
1296,C31,P9,2023-10-24,unknown,North,2,43588,87176,UPI
1297,C151,P6,2023-10-25,Chennai,unknown,3,22183,66549,UPI
1298,C1,P16,2023-10-26,Bangalore,South,2,71370,142740,Credit Card
1299,C48,P11,2023-10-27,Bangalore,East,2,4028,8056,UPI
1300,C29,P11,2023-10-28,Pune,East,4,55736,222944,Cash
1301,C286,P9,2023-10-29,Bangalore,South,3,13711,41133,Cash
1302,C81,P6,2023-10-30,Bangalore,unknown,1,55983,55983,UPI
1303,C176,P20,2023-10-31,Chennai,unknown,3,40070,120210,Cash
1304,C11,P6,2023-11-01,Mumbai,South,4,21749,86996,Credit Card
1305,C34,P11,2023-11-02,Hyderabad,East,3,51809,155427,Credit Card
1306,C125,P5,2023-11-03,Delhi,North,1,73315,73315,Cash
1307,C286,P6,2023-11-04,Delhi,South,3,76949,230847,unknown
1308,C152,P5,2023-11-05,Chennai,North,1,8147,8147,Credit Card
1309,C140,P9,2023-11-06,Bangalore,North,2,21107,42214,Debit Card
1310,C33,P5,2023-11-07,Delhi,East,1,57395,57395,UPI
1311,C122,P4,2023-11-08,Pune,West,4,38838,155352,Cash
1312,C297,P1,2023-11-09,Hyderabad,unknown,3,44144,132432,Cash
1313,C238,P2,2023-11-10,Pune,North,1,71099,71099,Credit Card
1314,C87,P5,2023-11-11,Pune,South,3,19708,59124,Cash
1316,C4,P16,2023-11-13,Mumbai,unknown,2,34834,69668,Credit Card
1317,C106,P2,2023-11-14,Delhi,North,1,72095,72095,Cash
1318,C176,P27,2023-11-15,unknown,North,2,53525,107050,UPI
1319,C303,P9,2023-11-16,Delhi,unknown,1,73799,73799,Debit Card
1320,C82,P16,2023-11-17,Mumbai,unknown,1,29443,29443,Credit Card
1321,C49,P9,2023-11-18,unknown,South,3,70170,210510,UPI
1322,C11,P11,2023-11-19,Hyderabad,East,1,78214,78214,Cash
1323,C10,P11,2023-11-20,Chennai,East,4,11736,46944,Credit Card
1324,C152,P4,2023-11-21,Hyderabad,East,2,37947,75894,Debit Card
1325,C11,P5,2023-11-22,unknown,East,3,77580,232740,UPI
1326,C136,P4,2023-11-23,Delhi,South,2,4080,8160,Debit Card
1327,C41,P4,2023-11-24,Bangalore,East,2,34593,69186,Debit Card
1328,C30,P20,2023-11-25,Pune,unknown,2,2561,5122,unknown
1329,C44,P9,2023-11-26,Mumbai,South,3,30681,92043,Credit Card
1330,C314,P27,2023-11-27,Delhi,North,2,23154,46308,UPI
1331,C231,P2,2023-11-28,Mumbai,unknown,2,27133,54266,Cash
1332,C9,P9,2023-11-29,Chennai,West,1,23153,23153,unknown
1333,C101,P6,2023-11-30,Hyderabad,unknown,4,10826,43304,Cash
1334,C64,P27,2023-12-01,unknown,North,3,56234,168702,Cash
1335,C91,P2,2023-12-02,Delhi,East,1,25563,25563,Debit Card
1336,C303,P4,2023-12-03,Hyderabad,South,4,67870,271480,unknown
1337,C9,P4,2023-12-04,Mumbai,West,1,47941,47941,Credit Card
1338,C55,P6,2023-12-05,Mumbai,South,3,39549,118647,UPI
1339,C90,P4,2023-12-06,Chennai,South,3,2941,8823,Debit Card
1340,C39,P27,2023-12-07,Delhi,West,2,7324,14648,Debit Card
1341,C325,P16,2023-12-08,Pune,unknown,1,66762,66762,Cash
1342,C62,P20,2023-12-09,unknown,South,4,12920,51680,Debit Card
1343,C30,P20,2023-12-10,unknown,unknown,2,59431,118862,unknown
1344,C131,P27,2023-12-11,unknown,unknown,1,39014,39014,unknown
1345,C11,P2,2023-12-12,Bangalore,East,1,40245,40245,Debit Card
1346,C89,P1,2023-12-13,Bangalore,South,1,21001,21001,UPI
1348,C11,P1,2023-12-15,Hyderabad,unknown,3,76368,229104,unknown
1349,C3,P20,2023-12-16,Bangalore,East,1,56617,56617,UPI
1350,C10,P5,2023-12-17,Hyderabad,unknown,1,33330,33330,Debit Card
1351,C2,P5,2023-12-18,Hyderabad,South,2,13551,27102,UPI
1352,C65,P2,2023-12-19,Bangalore,South,1,70102,70102,Cash
1353,C48,P9,2023-12-20,Delhi,North,1,31733,31733,unknown
1354,C64,P1,2023-12-21,Chennai,South,1,33780,33780,unknown
1355,C11,P9,2023-12-22,Pune,unknown,1,78146,78146,Cash
1356,C122,P1,2023-12-23,Chennai,South,1,11308,11308,Cash
1357,C41,P6,2023-12-24,Mumbai,West,3,22083,66249,Cash
1358,C50,P4,2023-12-25,Mumbai,West,1,17443,17443,Credit Card
1359,C53,P11,2023-12-26,Chennai,East,2,17043,34086,Cash
1360,C4,P6,2023-12-27,Bangalore,South,1,64728,64728,unknown
1361,C97,P16,2023-12-28,Delhi,unknown,1,74982,74982,Debit Card
1362,C297,P2,2023-12-29,unknown,West,3,63909,191727,Debit Card
1363,C53,P20,2023-12-30,Chennai,South,2,58169,116338,unknown
1364,C49,P1,2023-12-31,Pune,North,3,6422,19266,Credit Card
1365,C176,P1,2024-01-01,Mumbai,North,1,32703,32703,Credit Card
1366,C3,P27,2024-01-02,unknown,South,4,75297,301188,Cash
1367,C8,P9,2024-01-03,Mumbai,West,4,929,3716,Credit Card
1368,C124,P2,2024-01-04,unknown,East,4,27436,109744,Credit Card
1369,C24,P16,2024-01-05,Delhi,East,2,42697,85394,Debit Card
1371,C136,P20,2024-01-07,Delhi,South,2,37671,75342,UPI
1372,C354,P1,2024-01-08,Chennai,South,3,70813,212439,UPI
1373,C128,P16,2024-01-09,Chennai,South,4,36648,146592,Debit Card
1375,C11,P27,2024-01-11,Bangalore,unknown,4,46279,185116,Debit Card
1376,C125,P1,2024-01-12,Chennai,West,4,68039,272156,Credit Card
1377,C106,P6,2024-01-13,Pune,unknown,4,72910,291640,Credit Card
1378,C146,P2,2024-01-14,unknown,East,1,47370,47370,Debit Card
1379,C220,P16,2024-01-15,Pune,North,1,65457,65457,unknown
1381,C132,P4,2024-01-17,unknown,North,2,5420,10840,Debit Card
1383,C55,P11,2024-01-19,Chennai,unknown,2,73539,147078,Debit Card
1384,C62,P11,2024-01-20,Bangalore,West,4,57064,228256,UPI
1385,C53,P27,2024-01-21,Chennai,East,3,31524,94572,Debit Card
1386,C113,P6,2024-01-22,Mumbai,North,3,10652,31956,Cash
1387,C27,P11,2024-01-23,unknown,West,2,13814,27628,Debit Card
1388,C113,P11,2024-01-24,unknown,North,1,56492,56492,Debit Card
1389,C45,P11,2024-01-25,Delhi,South,4,66559,266236,Debit Card
1390,C39,P9,2024-01-26,Chennai,East,3,23811,71433,unknown
1391,C231,P2,2024-01-27,Pune,unknown,4,41049,164196,unknown
1392,C371,P6,2024-01-28,Hyderabad,West,2,11718,23436,Debit Card
1393,C59,P5,2024-01-29,Mumbai,South,3,4430,13290,unknown
1394,C11,P5,2024-01-30,Chennai,West,3,75619,226857,Cash
1395,C11,P6,2024-01-31,Pune,West,3,57421,172263,unknown
1396,C33,P5,2024-02-01,unknown,unknown,1,54014,54014,UPI
1397,C3,P6,2024-02-02,Chennai,South,4,15230,60920,Debit Card
1398,C32,P5,2024-02-03,Hyderabad,South,3,36935,110805,unknown
1399,C61,P9,2024-02-04,Bangalore,West,2,35182,70364,Debit Card
1400,C73,P5,2024-02-05,Delhi,West,1,25478,25478,unknown
1403,C35,P20,2024-02-08,Hyderabad,unknown,4,14562,58248,Credit Card
1404,C60,P1,2024-02-09,unknown,South,2,69567,139134,UPI
1405,C24,P9,2024-02-10,Bangalore,South,2,35255,70510,Credit Card
1406,C314,P9,2024-02-11,Hyderabad,North,2,49655,99310,Cash
1407,C59,P9,2024-02-12,Chennai,South,4,43773,175092,unknown
1409,C71,P27,2024-02-14,unknown,East,1,76072,76072,UPI
1410,C49,P16,2024-02-15,Bangalore,West,2,65868,131736,UPI
1411,C134,P11,2024-02-16,Pune,East,1,22671,22671,Cash
1412,C110,P6,2024-02-17,Chennai,South,4,75703,302812,Credit Card
1413,C146,P1,2024-02-18,unknown,North,4,64554,258216,Credit Card
1414,C49,P2,2024-02-19,Pune,East,3,2412,7236,UPI
1415,C136,P4,2024-02-20,unknown,East,1,69090,69090,unknown
1417,C286,P27,2024-02-22,Delhi,unknown,4,13606,54424,UPI
1418,C68,P20,2024-02-23,Mumbai,West,1,66071,66071,unknown
1419,C50,P9,2024-02-24,Chennai,South,3,59134,177402,unknown
1420,C98,P2,2024-02-25,Delhi,unknown,1,68597,68597,unknown
1421,C68,P2,2024-02-26,unknown,South,2,32660,65320,Debit Card
1422,C1,P1,2024-02-27,Hyderabad,West,4,64987,259948,unknown
1423,C29,P1,2024-02-28,unknown,West,2,34144,68288,Cash
1424,C33,P16,2024-02-29,Bangalore,unknown,2,64145,128290,Debit Card
1425,C18,P1,2024-03-01,Mumbai,West,3,77319,231957,Debit Card
1426,C401,P27,2024-03-02,Delhi,West,4,4464,17856,Debit Card
1427,C286,P2,2024-03-03,Bangalore,West,4,42462,169848,UPI
1428,C401,P27,2024-03-04,Bangalore,South,2,2237,4474,UPI
1429,C43,P27,2024-03-05,Bangalore,West,4,36940,147760,Cash
1430,C11,P2,2024-03-06,Delhi,unknown,1,71474,71474,Cash
1431,C14,P4,2024-03-07,Mumbai,unknown,2,40861,81722,Debit Card
1432,C1,P2,2024-03-08,Bangalore,East,2,43628,87256,Cash
1434,C5,P16,2024-03-10,Delhi,unknown,1,15657,15657,Credit Card
1435,C297,P5,2024-03-11,Bangalore,South,3,31467,94401,unknown
1436,C266,P1,2024-03-12,Pune,East,2,4729,9458,UPI
1437,C55,P4,2024-03-13,Mumbai,East,3,10501,31503,UPI
1438,C13,P4,2024-03-14,Hyderabad,North,4,35756,143024,unknown
1439,C124,P2,2024-03-15,Chennai,West,4,79776,319104,unknown
1440,C132,P11,2024-03-16,Pune,North,2,57341,114682,Cash
1441,C140,P27,2024-03-17,unknown,East,1,9572,9572,unknown
1442,C10,P6,2024-03-18,Mumbai,South,2,51086,102172,unknown
1443,C18,P6,2024-03-19,Delhi,South,3,69996,209988,UPI
1444,C45,P6,2024-03-20,Chennai,East,3,39382,118146,UPI
1445,C50,P11,2024-03-21,Mumbai,East,1,68243,68243,Cash
1446,C231,P2,2024-03-22,Hyderabad,South,3,61259,183777,Cash
1447,C131,P27,2024-03-23,Pune,East,4,64332,257328,Debit Card
1448,C133,P27,2024-03-24,Chennai,unknown,3,57751,173253,Credit Card
1449,C314,P16,2024-03-25,Mumbai,North,1,64261,64261,UPI
1450,C6,P16,2024-03-26,Bangalore,unknown,3,32152,96456,Debit Card
1451,C4,P16,2024-03-27,Delhi,West,3,30674,92022,Debit Card
1452,C1,P1,2024-03-28,Hyderabad,South,1,13958,13958,Debit Card
1453,C132,P20,2024-03-29,Bangalore,unknown,1,18524,18524,Cash
1454,C18,P27,2024-03-30,Pune,unknown,1,45655,45655,unknown
1455,C37,P11,2024-03-31,Pune,East,3,24238,72714,Debit Card
1457,C303,P9,2024-04-02,Chennai,North,4,58999,235996,UPI
1458,C431,P1,2024-04-03,Mumbai,East,4,25200,100800,Credit Card
1459,C32,P6,2024-04-04,Chennai,unknown,2,16271,32542,UPI
1460,C4,P20,2024-04-05,Pune,West,3,77557,232671,Credit Card
1462,C28,P16,2024-04-07,Chennai,unknown,4,43725,174900,Cash
1463,C9,P1,2024-04-08,Pune,South,3,68341,205023,Cash
1464,C73,P5,2024-04-09,unknown,South,1,13898,13898,Credit Card
1465,C136,P1,2024-04-10,Mumbai,North,4,76900,307600,UPI
1466,C11,P1,2024-04-11,Chennai,East,4,29128,116512,UPI
1467,C113,P27,2024-04-12,Hyderabad,North,4,70166,280664,UPI
1468,C11,P6,2024-04-13,Bangalore,East,2,66545,133090,unknown
1469,C27,P9,2024-04-14,unknown,West,2,74014,148028,unknown
1470,C152,P27,2024-04-15,unknown,unknown,2,38119,76238,UPI
1471,C286,P16,2024-04-16,Pune,West,3,31329,93987,Cash
1472,C59,P27,2024-04-17,unknown,West,1,30550,30550,unknown
1473,C238,P2,2024-04-18,Hyderabad,West,4,12510,50040,Debit Card
1474,C44,P9,2024-04-19,Pune,East,2,58767,117534,UPI
1475,C7,P11,2024-04-20,Delhi,East,3,14317,42951,Cash
1476,C60,P27,2024-04-21,Chennai,North,3,73085,219255,unknown
1477,C11,P20,2024-04-22,Pune,East,1,4521,4521,Credit Card
1478,C88,P6,2024-04-23,Hyderabad,East,2,63107,126214,unknown
1479,C64,P9,2024-04-24,Mumbai,West,2,23962,47924,UPI
1480,C43,P4,2024-04-25,Chennai,South,3,72684,218052,UPI
1481,C126,P5,2024-04-26,Hyderabad,South,1,61803,61803,unknown
1482,C101,P2,2024-04-27,Mumbai,East,2,13738,27476,unknown
1483,C61,P16,2024-04-28,Hyderabad,North,1,74639,74639,UPI
1484,C38,P27,2024-04-29,Hyderabad,unknown,2,79606,159212,Cash
1485,C286,P4,2024-04-30,Hyderabad,South,4,35874,143496,Cash
1486,C157,P5,2024-05-01,Delhi,West,4,8551,34204,unknown
1487,C5,P20,2024-05-02,Bangalore,unknown,1,22612,22612,Debit Card
1488,C97,P16,2024-05-03,Bangalore,East,1,40884,40884,Credit Card
1489,C59,P5,2024-05-04,Pune,East,2,71546,143092,unknown
1490,C60,P5,2024-05-05,Hyderabad,East,2,69405,138810,Credit Card
1491,C11,P6,2024-05-06,Chennai,North,4,36554,146216,unknown
1492,C31,P6,2024-05-07,Pune,East,2,19470,38940,UPI
1493,C44,P20,2024-05-08,Chennai,North,3,76320,228960,UPI
1494,C90,P6,2024-05-09,unknown,South,1,61461,61461,UPI
1495,C82,P5,2024-05-10,Pune,unknown,1,71590,71590,UPI
1496,C115,P11,2024-05-11,Hyderabad,West,1,10744,10744,Cash
1497,C53,P1,2024-05-12,Delhi,West,3,5743,17229,UPI
1498,C140,P20,2024-05-13,unknown,unknown,4,34173,136692,Cash
1499,C49,P6,2024-05-14,Bangalore,East,2,48413,96826,unknown
1500,C11,P5,2024-05-15,Delhi,North,3,58945,176835,Cash
1501,C286,P1,2024-05-16,Chennai,West,4,31355,125420,Credit Card
1502,C7,P27,2024-05-17,unknown,East,2,4105,8210,unknown
1503,C91,P27,2024-05-18,unknown,East,1,26212,26212,UPI
1504,C25,P11,2024-05-19,Chennai,East,1,11930,11930,Debit Card
1505,C5,P1,2024-05-20,unknown,East,4,49836,199344,Credit Card
1506,C80,P16,2024-05-21,unknown,unknown,4,12798,51192,Debit Card
1507,C401,P5,2024-05-22,Chennai,North,2,37375,74750,unknown
1508,C2,P9,2024-05-23,Delhi,North,3,53041,159123,Credit Card
1509,C140,P16,2024-05-24,Chennai,West,1,46845,46845,UPI
1510,C105,P5,2024-05-25,Mumbai,unknown,4,61384,245536,Debit Card
1511,C105,P20,2024-05-26,Delhi,East,3,8655,25965,Debit Card
1512,C43,P4,2024-05-27,unknown,West,2,49414,98828,UPI
1513,C11,P11,2024-05-28,Pune,North,3,2792,8376,unknown
1514,C3,P6,2024-05-29,Pune,North,2,47013,94026,Debit Card
1515,C303,P9,2024-05-30,Pune,East,4,60049,240196,Cash
1516,C11,P1,2024-05-31,Mumbai,West,1,42139,42139,Cash
1517,C50,P5,2024-06-01,Mumbai,unknown,4,52919,211676,unknown
1518,C11,P6,2024-06-02,Bangalore,West,2,28930,57860,Cash
1519,C238,P11,2024-06-03,Delhi,West,3,52637,157911,unknown
1520,C87,P1,2024-06-04,Delhi,East,1,11693,11693,UPI
1522,C50,P6,2024-06-06,Hyderabad,West,2,6996,13992,Cash
1523,C371,P2,2024-06-07,Bangalore,South,4,17389,69556,UPI
1524,C77,P2,2024-06-08,Hyderabad,East,1,26711,26711,UPI
1525,C64,P20,2024-06-09,Mumbai,unknown,3,36145,108435,Credit Card
1526,C68,P16,2024-06-10,unknown,North,2,55546,111092,unknown
1527,C115,P2,2024-06-11,Delhi,unknown,4,46221,184884,Cash
1528,C176,P20,2024-06-12,Hyderabad,South,4,33786,135144,Debit Card
1529,C62,P20,2024-06-13,unknown,West,4,54347,217388,Debit Card
1530,C7,P1,2024-06-14,Bangalore,South,1,71233,71233,Credit Card
1531,C266,P6,2024-06-15,Delhi,West,4,11572,46288,Debit Card
1532,C18,P9,2024-06-16,Chennai,unknown,4,14765,59060,UPI
1533,C49,P2,2024-06-17,Mumbai,South,1,75913,75913,unknown
1534,C128,P4,2024-06-18,unknown,East,3,2456,7368,UPI
1535,C30,P11,2024-06-19,unknown,South,1,40997,40997,UPI
1536,C1,P6,2024-06-20,Pune,unknown,1,23570,23570,Cash
1537,C125,P16,2024-06-21,Bangalore,South,2,48549,97098,unknown
1538,C5,P6,2024-06-22,Pune,East,2,19867,39734,Credit Card
1539,C38,P2,2024-06-23,Hyderabad,West,1,61065,61065,unknown
1540,C140,P11,2024-06-24,unknown,West,3,34306,102918,Cash
1541,C81,P20,2024-06-25,unknown,North,1,40468,40468,unknown
1542,C60,P5,2024-06-26,Chennai,North,1,37947,37947,Debit Card
1543,C110,P11,2024-06-27,Chennai,unknown,1,56364,56364,Debit Card
1544,C157,P2,2024-06-28,Hyderabad,South,2,76112,152224,Debit Card
1545,C98,P6,2024-06-29,Mumbai,North,4,60537,242148,Credit Card
1546,C27,P27,2024-06-30,Mumbai,East,3,8320,24960,Debit Card
1547,C139,P9,2024-07-01,Chennai,unknown,4,55948,223792,Debit Card
1548,C89,P27,2024-07-02,Pune,South,4,19315,77260,unknown
1549,C31,P9,2024-07-03,Mumbai,East,2,77456,154912,UPI
1550,C106,P9,2024-07-04,Chennai,East,2,45234,90468,UPI
1551,C62,P6,2024-07-05,Mumbai,East,4,22673,90692,UPI
1552,C11,P27,2024-07-06,Bangalore,East,3,16581,49743,unknown
1553,C11,P2,2024-07-07,Chennai,East,4,77782,311128,unknown
1554,C10,P11,2024-07-08,Delhi,unknown,1,41135,41135,unknown
1555,C146,P2,2024-07-09,Hyderabad,East,3,7227,21681,Cash
1556,C9,P6,2024-07-10,Hyderabad,North,4,38807,155228,Credit Card
1557,C63,P16,2024-07-11,Hyderabad,unknown,1,73695,73695,Credit Card
1558,C354,P27,2024-07-12,Chennai,North,1,21095,21095,Credit Card
1559,C60,P1,2024-07-13,unknown,South,1,58278,58278,Debit Card
1560,C13,P9,2024-07-14,Bangalore,South,3,61038,183114,unknown
1561,C11,P4,2024-07-15,Bangalore,West,3,60565,181695,Debit Card
1562,C151,P27,2024-07-16,Delhi,East,2,11903,23806,UPI
1563,C43,P27,2024-07-17,Mumbai,unknown,4,70686,282744,Cash
1564,C152,P1,2024-07-18,unknown,South,3,20554,61662,UPI
1565,C30,P2,2024-07-19,Delhi,East,2,38345,76690,Cash
1566,C104,P9,2024-07-20,unknown,East,3,48609,145827,Cash
1567,C128,P9,2024-07-21,Pune,South,2,11978,23956,Debit Card
1568,C401,P9,2024-07-22,unknown,West,4,52733,210932,Credit Card
1569,C11,P1,2024-07-23,Chennai,South,2,66962,133924,Debit Card
1570,C101,P9,2024-07-24,Delhi,West,1,73145,73145,unknown
1571,C11,P2,2024-07-25,Bangalore,East,1,6368,6368,Debit Card
1572,C97,P4,2024-07-26,Hyderabad,West,4,4957,19828,unknown
1573,C34,P5,2024-07-27,unknown,unknown,2,51318,102636,Credit Card
1574,C104,P4,2024-07-28,Mumbai,South,2,4853,9706,Credit Card
1575,C401,P4,2024-07-29,Pune,East,2,38143,76286,Credit Card
1577,C77,P20,2024-07-31,Delhi,North,4,65937,263748,unknown
1578,C325,P4,2024-08-01,Hyderabad,West,4,53365,213460,unknown
1579,C266,P27,2024-08-02,Hyderabad,South,4,6941,27764,unknown
1580,C81,P27,2024-08-03,Mumbai,unknown,4,52192,208768,unknown
1581,C152,P4,2024-08-04,Mumbai,East,2,77605,155210,unknown
1582,C7,P20,2024-08-05,Bangalore,East,2,62884,125768,UPI
1583,C7,P11,2024-08-06,Bangalore,North,4,2200,8800,UPI
1584,C431,P16,2024-08-07,Hyderabad,West,3,25187,75561,Credit Card
1585,C140,P1,2024-08-08,Chennai,South,2,46504,93008,Credit Card
1586,C556,P5,2024-08-09,Mumbai,North,1,18844,18844,UPI
1587,C157,P5,2024-08-10,Hyderabad,North,4,67266,269064,unknown
1588,C38,P2,2024-08-11,Delhi,South,2,49315,98630,Credit Card
1589,C131,P2,2024-08-12,Bangalore,North,4,49118,196472,Credit Card
1590,C6,P9,2024-08-13,Chennai,South,3,78203,234609,Cash
1591,C110,P2,2024-08-14,Chennai,unknown,1,55292,55292,Cash
1592,C106,P5,2024-08-15,Pune,North,2,2819,5638,unknown
1593,C89,P5,2024-08-16,Hyderabad,unknown,3,23624,70872,Debit Card
1594,C11,P6,2024-08-17,unknown,unknown,4,34510,138040,unknown
1595,C44,P4,2024-08-18,Bangalore,West,1,13357,13357,Cash
1596,C220,P9,2024-08-19,Delhi,North,1,63741,63741,Debit Card
1597,C31,P16,2024-08-20,Pune,North,4,20990,83960,Debit Card
1599,C113,P6,2024-08-22,Hyderabad,unknown,2,1483,2966,UPI
1600,C3,P1,2024-08-23,Mumbai,East,4,72664,290656,unknown
1601,C303,P2,2024-08-24,Pune,West,2,5157,10314,UPI
1602,C63,P4,2024-08-25,Bangalore,North,1,61414,61414,Debit Card
1603,C11,P5,2024-08-26,Bangalore,West,3,72358,217074,Cash
1605,C90,P27,2024-08-28,Bangalore,West,3,41409,124227,UPI
1606,C133,P4,2024-08-29,Hyderabad,unknown,2,41146,82292,UPI
1607,C21,P9,2024-08-30,Chennai,unknown,2,26963,53926,unknown
1608,C64,P20,2024-08-31,Hyderabad,West,3,79970,239910,Credit Card
1609,C11,P1,2024-09-01,Delhi,unknown,1,61051,61051,UPI
1610,C90,P6,2024-09-02,unknown,West,3,3225,9675,Cash
1611,C87,P5,2024-09-03,Pune,unknown,1,36168,36168,Cash
1612,C97,P5,2024-09-04,unknown,North,1,74606,74606,unknown
1613,C297,P20,2024-09-05,unknown,unknown,3,45803,137409,Cash
1614,C128,P2,2024-09-06,Delhi,South,1,65715,65715,Debit Card
1615,C110,P20,2024-09-07,unknown,North,1,51169,51169,Credit Card
1616,C136,P20,2024-09-08,Mumbai,South,3,41692,125076,Credit Card
1617,C30,P27,2024-09-09,Delhi,unknown,1,42850,42850,Cash
1618,C63,P16,2024-09-10,Pune,South,3,3361,10083,Cash
1619,C60,P2,2024-09-11,Bangalore,West,1,54968,54968,unknown
1621,C43,P27,2024-09-13,Pune,East,2,63561,127122,UPI
1622,C88,P6,2024-09-14,Hyderabad,North,1,77767,77767,unknown
1623,C122,P27,2024-09-15,unknown,unknown,3,7464,22392,UPI
1624,C82,P4,2024-09-16,Pune,North,1,30148,30148,unknown
1625,C45,P1,2024-09-17,Delhi,East,4,60372,241488,Credit Card
1626,C401,P6,2024-09-18,Pune,North,1,79510,79510,Debit Card
1627,C29,P27,2024-09-19,Pune,South,3,33202,99606,unknown
1628,C81,P9,2024-09-20,Pune,North,3,47830,143490,Credit Card
1629,C11,P27,2024-09-21,Bangalore,North,4,3075,12300,UPI
1630,C5,P9,2024-09-22,Delhi,East,3,9852,29556,Cash
1631,C68,P11,2024-09-23,Chennai,North,2,25050,50100,Debit Card
1632,C157,P4,2024-09-24,Hyderabad,East,4,58718,234872,Debit Card
1633,C59,P20,2024-09-25,Chennai,South,4,27705,110820,UPI
1634,C11,P20,2024-09-26,Delhi,West,3,39793,119379,Cash
1635,C6,P1,2024-09-27,Bangalore,unknown,4,33929,135716,unknown
1636,C10,P16,2024-09-28,Mumbai,unknown,4,4997,19988,Credit Card
1637,C371,P1,2024-09-29,Mumbai,North,4,4389,17556,UPI
1638,C68,P2,2024-09-30,Hyderabad,East,4,77355,309420,UPI
1639,C11,P2,2024-10-01,Delhi,South,4,60924,243696,unknown
1640,C63,P9,2024-10-02,Pune,East,2,57803,115606,Debit Card
1641,C106,P2,2024-10-03,Chennai,South,2,68957,137914,unknown
1642,C35,P1,2024-10-04,Delhi,East,4,68454,273816,UPI
1643,C113,P6,2024-10-05,Chennai,unknown,4,60385,241540,Cash
1644,C371,P1,2024-10-06,Delhi,North,4,47096,188384,unknown
1645,C97,P4,2024-10-07,Delhi,West,2,21138,42276,Debit Card
1646,C105,P20,2024-10-08,unknown,East,4,11917,47668,Credit Card
1648,C106,P27,2024-10-10,Mumbai,West,4,68816,275264,Debit Card
1649,C38,P4,2024-10-11,unknown,South,1,20794,20794,Credit Card
1650,C220,P5,2024-10-12,Chennai,West,4,64430,257720,UPI
1651,C10,P9,2024-10-13,Bangalore,North,1,52556,52556,Debit Card
1652,C314,P27,2024-10-14,unknown,South,3,18968,56904,Credit Card
1653,C1,P2,2024-10-15,Pune,East,1,37614,37614,Cash
1654,C22,P9,2024-10-16,Bangalore,West,3,1887,5661,unknown
1656,C134,P11,2024-10-18,Mumbai,South,3,32486,97458,Cash
1657,C25,P27,2024-10-19,Mumbai,West,1,66334,66334,UPI
1658,C314,P6,2024-10-20,Bangalore,West,3,35725,107175,UPI
1659,C286,P2,2024-10-21,Mumbai,East,1,41271,41271,Credit Card
1660,C9,P4,2024-10-22,unknown,South,4,52826,211304,UPI
1661,C27,P2,2024-10-23,Bangalore,South,4,9460,37840,Cash
1662,C65,P27,2024-10-24,Bangalore,unknown,4,22870,91480,Credit Card
1663,C16,P1,2024-10-25,Bangalore,North,4,53227,212908,Cash
1665,C105,P9,2024-10-27,Chennai,West,1,1738,1738,Debit Card
1666,C91,P20,2024-10-28,Bangalore,South,4,13687,54748,unknown
1667,C11,P1,2024-10-29,Bangalore,North,1,67040,67040,unknown
1668,C60,P11,2024-10-30,Hyderabad,unknown,4,28829,115316,unknown
1669,C325,P6,2024-10-31,Hyderabad,North,2,5560,11120,Debit Card
1670,C297,P16,2024-11-01,Mumbai,South,2,9508,19016,unknown
1671,C50,P9,2024-11-02,Mumbai,West,4,17390,69560,Debit Card
1672,C7,P5,2024-11-03,Hyderabad,South,1,78508,78508,Credit Card
1673,C220,P11,2024-11-04,Pune,East,3,38549,115647,UPI
1674,C431,P5,2024-11-05,Mumbai,West,4,47808,191232,unknown
1675,C62,P27,2024-11-06,Mumbai,unknown,1,14550,14550,Cash
1676,C1,P2,2024-11-07,unknown,South,4,70488,281952,Credit Card
1677,C25,P16,2024-11-08,Bangalore,unknown,2,21204,42408,unknown
1678,C371,P11,2024-11-09,Mumbai,unknown,2,42533,85066,Debit Card
1679,C29,P11,2024-11-10,Delhi,West,1,46651,46651,Debit Card
1680,C11,P1,2024-11-11,Hyderabad,West,2,2007,4014,Cash
1681,C133,P1,2024-11-12,Hyderabad,unknown,1,78291,78291,Credit Card
1682,C106,P4,2024-11-13,Hyderabad,West,3,39687,119061,unknown
1683,C64,P9,2024-11-14,Pune,West,1,73972,73972,Cash
1684,C286,P2,2024-11-15,Mumbai,North,1,27962,27962,Debit Card
1685,C6,P5,2024-11-16,Pune,unknown,2,63124,126248,UPI
1686,C176,P2,2024-11-17,Bangalore,West,3,55011,165033,Cash
1687,C2,P11,2024-11-18,Delhi,East,4,27373,109492,UPI
1688,C146,P5,2024-11-19,Bangalore,North,2,61963,123926,Cash
1689,C131,P6,2024-11-20,Bangalore,North,3,59876,179628,Debit Card
1690,C27,P6,2024-11-21,Hyderabad,South,3,43516,130548,unknown
1691,C22,P6,2024-11-22,Delhi,South,3,35912,107736,Credit Card
1692,C21,P9,2024-11-23,Delhi,West,1,25349,25349,UPI
1693,C28,P1,2024-11-24,Bangalore,unknown,4,44593,178372,Credit Card
1694,C3,P27,2024-11-25,Pune,South,1,11831,11831,Cash
1696,C131,P11,2024-11-27,unknown,South,3,22834,68502,unknown
1697,C38,P4,2024-11-28,Delhi,North,3,26758,80274,Debit Card
1698,C44,P27,2024-11-29,Pune,North,4,39332,157328,Credit Card
1699,C53,P5,2024-11-30,Delhi,West,2,75140,150280,Credit Card
1700,C11,P11,2024-12-01,Hyderabad,South,2,47203,94406,unknown
1701,C134,P20,2024-12-02,Hyderabad,South,4,78540,314160,Credit Card
1702,C176,P9,2024-12-03,unknown,South,2,20992,41984,unknown
1703,C82,P2,2024-12-04,Bangalore,North,4,35285,141140,Debit Card
1704,C22,P11,2024-12-05,Bangalore,West,3,24079,72237,Credit Card
1706,C431,P2,2024-12-07,Hyderabad,unknown,3,25960,77880,unknown
1707,C77,P27,2024-12-08,Mumbai,unknown,3,22646,67938,unknown
1708,C151,P2,2024-12-09,Chennai,East,4,57505,230020,UPI
1709,C89,P27,2024-12-10,Mumbai,South,4,41319,165276,Debit Card
1710,C2,P20,2024-12-11,Pune,unknown,2,26538,53076,Debit Card
1711,C45,P16,2024-12-12,Mumbai,unknown,2,18623,37246,UPI
1712,C286,P4,2024-12-13,Mumbai,unknown,4,5582,22328,UPI
1713,C6,P1,2024-12-14,Hyderabad,North,4,49881,199524,Cash
1714,C61,P1,2024-12-15,unknown,East,4,75242,300968,Cash
1715,C136,P2,2024-12-16,unknown,West,4,25557,102228,unknown
1716,C140,P2,2024-12-17,Delhi,West,1,6099,6099,Debit Card
1717,C371,P11,2024-12-18,Hyderabad,South,4,28193,112772,UPI
1718,C104,P11,2024-12-19,Bangalore,West,4,2754,11016,UPI
1719,C88,P20,2024-12-20,Pune,North,4,59315,237260,Cash
1720,C11,P1,2024-12-21,Pune,East,2,28269,56538,Credit Card
1721,C45,P27,2024-12-22,Bangalore,North,1,68331,68331,unknown
1722,C115,P6,2024-12-23,Bangalore,North,4,5164,20656,unknown
1723,C136,P6,2024-12-24,Chennai,North,1,35395,35395,Debit Card
1724,C104,P16,2024-12-25,Pune,unknown,2,66501,133002,Debit Card
1725,C59,P11,2024-12-26,Delhi,West,2,2301,4602,Debit Card
1726,C122,P9,2024-12-27,Pune,North,2,8562,17124,UPI
1727,C64,P1,2024-12-28,unknown,South,3,17623,52869,Cash
1728,C354,P20,2024-12-29,Mumbai,unknown,4,14087,56348,Credit Card
1729,C11,P4,2024-12-30,Delhi,North,1,14988,14988,unknown
1730,C142,P20,2024-12-31,Delhi,North,1,77331,77331,Credit Card
1731,C134,P1,2025-01-01,Pune,South,1,5091,5091,unknown
1732,C11,P6,2025-01-02,Bangalore,East,4,66636,266544,Credit Card
1733,C140,P1,2025-01-03,Mumbai,unknown,4,43699,174796,unknown
1734,C41,P2,2025-01-04,Bangalore,North,1,28310,28310,unknown
1735,C297,P11,2025-01-05,Bangalore,West,4,52007,208028,Cash
1736,C13,P2,2025-01-06,Delhi,East,2,41674,83348,unknown
1737,C101,P16,2025-01-07,Pune,West,3,78676,236028,UPI
1738,C25,P27,2025-01-08,Mumbai,East,2,7536,15072,UPI
1739,C90,P6,2025-01-09,Mumbai,South,2,17323,34646,unknown
1741,C80,P1,2025-01-11,Delhi,South,2,934,1868,unknown
1742,C10,P6,2025-01-12,Pune,East,1,12090,12090,Cash
1743,C4,P16,2025-01-13,Chennai,South,3,21446,64338,Credit Card
1744,C63,P27,2025-01-14,Delhi,South,1,53405,53405,unknown
1745,C16,P2,2025-01-15,Mumbai,West,4,18432,73728,UPI
1746,C106,P9,2025-01-16,Mumbai,unknown,3,65699,197097,unknown
1747,C132,P16,2025-01-17,unknown,West,3,34934,104802,Credit Card
1748,C82,P11,2025-01-18,Hyderabad,unknown,3,7872,23616,UPI
1749,C297,P2,2025-01-19,Chennai,East,1,73723,73723,UPI
1750,C134,P5,2025-01-20,Bangalore,West,4,9377,37508,UPI
1751,C27,P20,2025-01-21,Hyderabad,South,3,66047,198141,unknown
1752,C11,P27,2025-01-22,Hyderabad,West,3,22319,66957,Debit Card
1753,C60,P20,2025-01-23,Chennai,West,3,31044,93132,Credit Card
1754,C27,P20,2025-01-24,Pune,East,2,26960,53920,UPI
1755,C139,P20,2025-01-25,Mumbai,West,2,31746,63492,Credit Card
1756,C97,P20,2025-01-26,Pune,South,3,43051,129153,Cash
1757,C63,P2,2025-01-27,Hyderabad,North,3,56201,168603,UPI
1758,C371,P20,2025-01-28,unknown,North,3,22976,68928,Credit Card
1759,C14,P11,2025-01-29,Hyderabad,North,1,10951,10951,UPI
1760,C134,P11,2025-01-30,Bangalore,East,2,25579,51158,Credit Card
1761,C314,P6,2025-01-31,Pune,South,3,53505,160515,unknown
1762,C11,P1,2025-02-01,Delhi,North,4,56870,227480,Credit Card
1763,C231,P6,2025-02-02,Pune,South,1,31682,31682,UPI
1764,C151,P1,2025-02-03,Hyderabad,South,3,58635,175905,unknown
1765,C55,P27,2025-02-04,Chennai,West,1,49588,49588,unknown
1766,C106,P9,2025-02-05,Pune,South,3,45752,137256,UPI
1767,C21,P20,2025-02-06,Mumbai,unknown,3,76307,228921,UPI
1768,C22,P4,2025-02-07,Chennai,North,2,19135,38270,Debit Card
1769,C371,P27,2025-02-08,Chennai,unknown,3,44169,132507,Credit Card
1770,C91,P4,2025-02-09,Mumbai,South,4,38442,153768,unknown
1771,C11,P20,2025-02-10,Hyderabad,unknown,2,54704,109408,Credit Card
1772,C90,P11,2025-02-11,Delhi,North,3,24656,73968,UPI
1773,C98,P9,2025-02-12,Delhi,North,2,57618,115236,Debit Card
1774,C87,P27,2025-02-13,Bangalore,West,4,74568,298272,UPI
1775,C266,P20,2025-02-14,Bangalore,East,4,67750,271000,Debit Card
1776,C11,P27,2025-02-15,Pune,unknown,1,50751,50751,Cash
1777,C41,P16,2025-02-16,Bangalore,East,3,8655,25965,Credit Card
1778,C43,P6,2025-02-17,Bangalore,North,3,16254,48762,Debit Card
1779,C104,P4,2025-02-18,Bangalore,South,4,50843,203372,Cash
1780,C11,P9,2025-02-19,unknown,North,1,7617,7617,UPI
1781,C16,P11,2025-02-20,Pune,South,1,64556,64556,Cash
1782,C44,P6,2025-02-21,unknown,North,1,12858,12858,Credit Card
1783,C2,P5,2025-02-22,Mumbai,East,2,43682,87364,Credit Card
1784,C6,P16,2025-02-23,unknown,North,4,16145,64580,unknown
1786,C157,P6,2025-02-25,Mumbai,North,3,2797,8391,Credit Card
1787,C13,P27,2025-02-26,unknown,West,4,43831,175324,unknown
1788,C87,P6,2025-02-27,Chennai,East,2,18280,36560,Debit Card
1789,C115,P11,2025-02-28,Hyderabad,South,4,17053,68212,unknown
1790,C125,P1,2025-03-01,Pune,South,4,15538,62152,Debit Card
1791,C126,P16,2025-03-02,Bangalore,North,3,9888,29664,Cash
1792,C125,P9,2025-03-03,Delhi,South,2,7640,15280,Cash
1793,C34,P9,2025-03-04,Delhi,North,3,31468,94404,UPI
1794,C431,P2,2025-03-05,Bangalore,West,1,75974,75974,UPI
1795,C556,P9,2025-03-06,Bangalore,North,1,24746,24746,Debit Card
1796,C11,P11,2025-03-07,unknown,West,2,77416,154832,UPI
1797,C105,P4,2025-03-08,Bangalore,West,2,42495,84990,Debit Card
1799,C59,P2,2025-03-10,Hyderabad,South,1,5459,5459,unknown
1800,C106,P11,2025-03-11,Chennai,East,1,51926,51926,Credit Card
1801,C8,P4,2025-03-12,Pune,East,3,75233,225699,unknown
1802,C136,P27,2025-03-13,Mumbai,unknown,2,74693,149386,Cash
1803,C157,P5,2025-03-14,Mumbai,East,1,75290,75290,Cash
1804,C10,P5,2025-03-15,Bangalore,unknown,4,15044,60176,Cash
1805,C31,P16,2025-03-16,Delhi,unknown,2,74144,148288,unknown
1807,C110,P27,2025-03-18,unknown,unknown,2,608,1216,Credit Card
1808,C140,P20,2025-03-19,Bangalore,West,2,74857,149714,unknown
1809,C77,P27,2025-03-20,Hyderabad,North,4,33600,134400,UPI
1810,C27,P16,2025-03-21,Hyderabad,unknown,3,29101,87303,Debit Card
1811,C61,P5,2025-03-22,Mumbai,North,1,46258,46258,Debit Card
1812,C220,P6,2025-03-23,Pune,unknown,2,17436,34872,UPI
1813,C22,P9,2025-03-24,Pune,North,4,12849,51396,unknown
1814,C286,P20,2025-03-25,Bangalore,East,3,54326,162978,Debit Card
1815,C39,P4,2025-03-26,Chennai,East,3,17105,51315,UPI
1816,C41,P11,2025-03-27,Bangalore,unknown,4,63993,255972,unknown
1817,C98,P20,2025-03-28,Pune,South,3,28249,84747,unknown
1818,C2,P1,2025-03-29,Mumbai,South,4,5998,23992,Cash
1819,C33,P11,2025-03-30,Pune,South,4,54740,218960,Debit Card
1820,C431,P20,2025-03-31,Delhi,unknown,1,75099,75099,Debit Card
1821,C325,P2,2025-04-01,Bangalore,East,2,46119,92238,unknown
1822,C13,P9,2025-04-02,unknown,North,4,35750,143000,unknown
1823,C50,P20,2025-04-03,Delhi,North,2,22549,45098,Credit Card
1824,C65,P20,2025-04-04,Hyderabad,North,1,19626,19626,unknown
1825,C37,P27,2025-04-05,Delhi,North,1,57705,57705,unknown
1826,C87,P11,2025-04-06,Bangalore,West,4,77252,309008,Cash
1827,C3,P6,2025-04-07,Hyderabad,West,2,48537,97074,Debit Card
1828,C27,P9,2025-04-08,Hyderabad,unknown,1,70788,70788,UPI
1829,C220,P5,2025-04-09,Chennai,South,3,43856,131568,Cash
1831,C34,P16,2025-04-11,Pune,unknown,2,40764,81528,Debit Card
1832,C11,P5,2025-04-12,Bangalore,East,4,18260,73040,Cash
1833,C34,P6,2025-04-13,Bangalore,unknown,4,26484,105936,Credit Card
1834,C97,P4,2025-04-14,Pune,North,1,54115,54115,UPI
1835,C60,P27,2025-04-15,Hyderabad,North,2,14352,28704,UPI
1836,C115,P6,2025-04-16,Mumbai,unknown,2,45106,90212,unknown
1837,C88,P5,2025-04-17,Pune,East,4,20320,81280,unknown
1838,C80,P16,2025-04-18,Hyderabad,South,3,16148,48444,Debit Card
1839,C176,P27,2025-04-19,unknown,South,3,39516,118548,UPI
1840,C33,P2,2025-04-20,Chennai,East,4,38098,152392,unknown
1841,C39,P9,2025-04-21,Bangalore,West,4,66323,265292,UPI
1842,C91,P1,2025-04-22,Bangalore,unknown,4,67481,269924,UPI
1843,C41,P16,2025-04-23,Mumbai,South,4,61577,246308,Credit Card
1844,C101,P16,2025-04-24,Mumbai,West,1,68766,68766,Cash
1845,C11,P6,2025-04-25,Chennai,unknown,4,51822,207288,Debit Card
1846,C33,P16,2025-04-26,Pune,West,2,22419,44838,Credit Card
1847,C63,P11,2025-04-27,Chennai,unknown,3,35951,107853,UPI
1848,C25,P9,2025-04-28,Delhi,South,2,53412,106824,unknown
1849,C157,P11,2025-04-29,unknown,East,4,62847,251388,UPI
1850,C1,P20,2025-04-30,Bangalore,East,4,57309,229236,Debit Card
1851,C128,P5,2025-05-01,Bangalore,South,1,71203,71203,Cash
1852,C113,P11,2025-05-02,Bangalore,East,4,49559,198236,Debit Card
1853,C122,P16,2025-05-03,Bangalore,North,1,13295,13295,UPI
1854,C61,P6,2025-05-04,Bangalore,North,3,64858,194574,Debit Card
1855,C11,P6,2025-05-05,Chennai,unknown,2,68872,137744,Cash
1856,C64,P1,2025-05-06,Bangalore,East,1,74554,74554,Credit Card
1857,C125,P4,2025-05-07,Chennai,unknown,1,35753,35753,Debit Card
1859,C21,P16,2025-05-09,Bangalore,West,2,25019,50038,Cash
1860,C50,P9,2025-05-10,Chennai,West,4,2928,11712,Debit Card
1861,C45,P2,2025-05-11,Mumbai,unknown,4,54668,218672,UPI
1862,C61,P20,2025-05-12,Delhi,East,2,62292,124584,Cash
1863,C97,P5,2025-05-13,Mumbai,South,1,5309,5309,Debit Card
1864,C325,P16,2025-05-14,Chennai,West,4,11305,45220,Cash
1865,C128,P27,2025-05-15,Mumbai,West,3,77095,231285,Credit Card
1866,C45,P5,2025-05-16,Chennai,North,1,69874,69874,Credit Card
1867,C104,P4,2025-05-17,Mumbai,West,2,3017,6034,Cash
1868,C1,P4,2025-05-18,Hyderabad,North,4,51190,204760,Debit Card
1869,C38,P2,2025-05-19,unknown,East,4,16760,67040,Credit Card
1870,C11,P2,2025-05-20,Chennai,East,1,18387,18387,Cash
1871,C81,P4,2025-05-21,Pune,unknown,1,59425,59425,UPI
1872,C65,P1,2025-05-22,Delhi,unknown,3,51518,154554,Debit Card
1873,C1,P16,2025-05-23,Delhi,North,4,12143,48572,Cash
1874,C71,P20,2025-05-24,Chennai,West,4,57140,228560,Debit Card
1875,C39,P5,2025-05-25,Bangalore,unknown,2,43583,87166,UPI
1876,C8,P1,2025-05-26,Hyderabad,West,4,40129,160516,Debit Card
1877,C82,P11,2025-05-27,Delhi,South,4,28242,112968,Credit Card
1878,C136,P4,2025-05-28,Hyderabad,North,2,37235,74470,Cash
1879,C77,P4,2025-05-29,Chennai,South,4,4495,17980,Debit Card
1881,C134,P5,2025-05-31,Mumbai,East,1,34739,34739,unknown
1882,C134,P16,2025-06-01,Pune,West,1,502,502,Debit Card
1883,C303,P4,2025-06-02,Chennai,unknown,3,76593,229779,Credit Card
1884,C97,P6,2025-06-03,Pune,East,4,67851,271404,Credit Card
1885,C62,P20,2025-06-04,Delhi,South,3,51415,154245,Cash
1886,C91,P11,2025-06-05,Bangalore,West,1,57428,57428,Credit Card
1887,C13,P11,2025-06-06,Pune,South,4,41961,167844,UPI
1889,C176,P6,2025-06-08,Mumbai,North,3,17533,52599,UPI
1890,C11,P20,2025-06-09,Chennai,South,2,70651,141302,Cash
1891,C49,P4,2025-06-10,Hyderabad,South,1,59837,59837,Cash
1892,C16,P27,2025-06-11,Pune,West,2,29598,59196,Cash
1893,C136,P27,2025-06-12,unknown,West,4,22934,91736,Cash
1894,C98,P16,2025-06-13,Hyderabad,unknown,1,71390,71390,Credit Card
1896,C124,P2,2025-06-15,Hyderabad,unknown,4,3176,12704,Debit Card
1897,C44,P20,2025-06-16,Delhi,North,2,56517,113034,UPI
1898,C231,P6,2025-06-17,Mumbai,West,4,58239,232956,UPI
1899,C113,P16,2025-06-18,Hyderabad,North,3,18478,55434,UPI
1900,C5,P16,2025-06-19,Delhi,unknown,1,42365,42365,unknown
1901,C11,P5,2025-06-20,Pune,unknown,1,16742,16742,Credit Card
1902,C48,P2,2025-06-21,Chennai,West,3,14861,44583,Credit Card
1903,C41,P11,2025-06-22,Bangalore,North,3,15501,46503,unknown
1904,C34,P2,2025-06-23,Pune,East,2,18958,37916,unknown
1905,C401,P9,2025-06-24,Delhi,West,4,56048,224192,Debit Card
1906,C60,P11,2025-06-25,Delhi,East,2,33573,67146,UPI
1907,C34,P16,2025-06-26,Delhi,West,4,33044,132176,Credit Card
1908,C11,P2,2025-06-27,Delhi,East,3,36613,109839,Credit Card
1909,C131,P5,2025-06-28,Hyderabad,unknown,3,13736,41208,unknown
1910,C97,P2,2025-06-29,Delhi,South,1,40214,40214,unknown
1911,C81,P4,2025-06-30,unknown,South,3,1546,4638,Credit Card
1912,C151,P20,2025-07-01,Delhi,West,2,64333,128666,UPI
1913,C14,P16,2025-07-02,Hyderabad,North,4,11589,46356,UPI
1914,C81,P9,2025-07-03,Bangalore,East,1,3009,3009,Cash
1915,C139,P16,2025-07-04,unknown,South,4,56397,225588,Debit Card
1916,C38,P11,2025-07-05,Mumbai,South,2,55908,111816,unknown
1917,C132,P9,2025-07-06,unknown,North,4,17959,71836,Credit Card
1918,C11,P2,2025-07-07,unknown,unknown,3,77339,232017,Debit Card
1919,C41,P1,2025-07-08,Hyderabad,South,3,35537,106611,Cash
1920,C115,P20,2025-07-09,unknown,West,3,20153,60459,UPI
1921,C27,P4,2025-07-10,Pune,North,4,14448,57792,Cash
1922,C125,P4,2025-07-11,Bangalore,unknown,3,27210,81630,Cash
1923,C11,P5,2025-07-12,unknown,West,3,23019,69057,UPI
1924,C25,P6,2025-07-13,Pune,unknown,4,50156,200624,Credit Card
1926,C63,P9,2025-07-15,Mumbai,West,4,30673,122692,Debit Card
1927,C4,P16,2025-07-16,Pune,West,1,4347,4347,Cash
1928,C82,P20,2025-07-17,unknown,unknown,3,59309,177927,unknown
1929,C371,P27,2025-07-18,Mumbai,North,4,23731,94924,UPI
1930,C97,P11,2025-07-19,Chennai,North,2,17697,35394,Debit Card
1931,C68,P5,2025-07-20,unknown,East,2,11771,23542,UPI
1932,C140,P5,2025-07-21,Delhi,South,4,67121,268484,unknown
1933,C297,P9,2025-07-22,Bangalore,North,1,27392,27392,UPI
1934,C11,P1,2025-07-23,unknown,North,1,16993,16993,Debit Card
1935,C102,P5,2025-07-24,Hyderabad,unknown,1,59337,59337,unknown
1936,C134,P1,2025-07-25,Mumbai,East,1,24460,24460,unknown
1937,C401,P27,2025-07-26,Delhi,unknown,1,57724,57724,Credit Card
1938,C55,P6,2025-07-27,Pune,unknown,2,76613,153226,unknown
1939,C401,P20,2025-07-28,Hyderabad,unknown,3,51037,153111,Credit Card
1940,C38,P27,2025-07-29,Chennai,South,2,71330,142660,unknown
1942,C37,P1,2025-07-31,Pune,South,2,51033,102066,Credit Card
1943,C105,P1,2025-08-01,unknown,East,4,23579,94316,unknown
1944,C314,P11,2025-08-02,Chennai,North,3,9178,27534,unknown
1945,C18,P1,2025-08-03,Pune,unknown,3,52593,157779,Debit Card
1946,C110,P9,2025-08-04,Hyderabad,unknown,2,66678,133356,Cash
1947,C303,P1,2025-08-05,unknown,South,1,69389,69389,unknown
1948,C11,P27,2025-08-06,Bangalore,East,4,21132,84528,Credit Card
1949,C16,P20,2025-08-07,unknown,North,3,46435,139305,unknown
1950,C9,P6,2025-08-08,Bangalore,North,3,28772,86316,unknown
1951,C34,P16,2025-08-09,Delhi,South,4,70078,280312,Debit Card
1952,C2,P11,2025-08-10,Chennai,West,1,11820,11820,Credit Card
1954,C157,P2,2025-08-12,Pune,unknown,1,34786,34786,UPI
1955,C82,P5,2025-08-13,Pune,unknown,3,73533,220599,unknown
1956,C126,P6,2025-08-14,Delhi,unknown,1,67271,67271,Cash
1958,C104,P4,2025-08-16,Delhi,North,2,21257,42514,Credit Card
1959,C11,P6,2025-08-17,Hyderabad,North,4,60636,242544,unknown
1960,C5,P1,2025-08-18,Delhi,North,1,45961,45961,UPI
1961,C68,P4,2025-08-19,unknown,unknown,3,30817,92451,Debit Card
1962,C401,P6,2025-08-20,Pune,South,3,23831,71493,unknown
1964,C44,P27,2025-08-22,unknown,unknown,2,59161,118322,unknown
1965,C21,P11,2025-08-23,unknown,unknown,3,23599,70797,UPI
1966,C266,P6,2025-08-24,unknown,East,4,48494,193976,Cash
1967,C24,P6,2025-08-25,unknown,East,3,74428,223284,unknown
1968,C140,P27,2025-08-26,Hyderabad,South,1,21525,21525,Debit Card
1969,C5,P2,2025-08-27,Delhi,North,1,20921,20921,UPI
1970,C28,P5,2025-08-28,unknown,West,4,20955,83820,unknown
1971,C11,P27,2025-08-29,Pune,unknown,1,14285,14285,Credit Card
1972,C124,P6,2025-08-30,Pune,East,3,2397,7191,UPI
1973,C41,P16,2025-08-31,Delhi,unknown,3,44623,133869,unknown
1974,C125,P27,2025-09-01,Mumbai,unknown,3,61807,185421,Credit Card
1975,C151,P2,2025-09-02,Chennai,East,4,53979,215916,Cash
1976,C157,P16,2025-09-03,Bangalore,unknown,4,13119,52476,Debit Card
1977,C41,P9,2025-09-04,Delhi,unknown,1,41812,41812,Debit Card
1978,C8,P5,2025-09-05,Hyderabad,South,2,69739,139478,unknown
1979,C24,P20,2025-09-06,unknown,unknown,4,34680,138720,Debit Card
1980,C131,P9,2025-09-07,Chennai,East,3,54923,164769,Cash
1981,C297,P1,2025-09-08,Delhi,West,3,19862,59586,Credit Card
1982,C91,P6,2025-09-09,Bangalore,South,4,63701,254804,unknown
1983,C354,P5,2025-09-10,Bangalore,East,4,69425,277700,unknown
1984,C60,P4,2025-09-11,Hyderabad,South,4,23823,95292,UPI
1985,C73,P6,2025-09-12,Hyderabad,North,2,966,1932,Credit Card
1986,C102,P5,2025-09-13,Mumbai,unknown,3,34291,102873,Cash
1987,C146,P4,2025-09-14,Delhi,East,1,66387,66387,Cash
1988,C43,P20,2025-09-15,Delhi,East,2,13500,27000,unknown
1989,C126,P11,2025-09-16,unknown,unknown,4,56719,226876,Debit Card
1990,C97,P6,2025-09-17,Chennai,North,4,4955,19820,unknown
1991,C80,P1,2025-09-18,Hyderabad,South,2,15421,30842,unknown
1992,C126,P27,2025-09-19,Hyderabad,unknown,3,70143,210429,Credit Card
1993,C1,P2,2025-09-20,Hyderabad,West,4,40492,161968,UPI
1994,C21,P1,2025-09-21,Mumbai,East,3,44580,133740,unknown
1995,C220,P20,2025-09-22,Hyderabad,unknown,2,23341,46682,Debit Card
1996,C131,P16,2025-09-23,unknown,North,4,1885,7540,UPI
1997,C16,P20,2025-09-24,Hyderabad,West,1,55440,55440,Credit Card
1998,C82,P6,2025-09-25,Pune,unknown,4,58821,235284,Cash
1999,C97,P16,2025-09-26,Pune,unknown,2,47714,95428,UPI
2000,C2,P6,2025-09-27,Delhi,South,4,15469,61876,UPI
2001,C33,P27,2025-09-28,Chennai,unknown,2,19788,39576,Debit Card
2002,C176,P11,2025-09-29,unknown,unknown,3,45670,137010,UPI
2003,C38,P9,2025-09-30,Pune,North,2,12857,25714,Debit Card
2004,C11,P5,2025-10-01,Delhi,West,4,65086,260344,unknown
2005,C7,P9,2025-10-02,unknown,West,2,62909,125818,Credit Card
2006,C152,P2,2025-10-03,Chennai,West,2,68941,137882,Cash
2008,C28,P1,2025-10-05,Mumbai,North,2,21290,42580,Credit Card
2009,C25,P6,2025-10-06,unknown,East,1,71588,71588,Credit Card
2010,C314,P6,2025-10-07,Mumbai,East,1,64574,64574,Debit Card
2011,C106,P2,2025-10-08,unknown,East,1,29753,29753,unknown
2012,C77,P4,2025-10-09,Mumbai,East,3,74206,222618,UPI
2013,C10,P4,2025-10-10,Delhi,North,4,25065,100260,UPI
2014,C220,P5,2025-10-11,Hyderabad,unknown,2,40911,81822,UPI
2015,C91,P11,2025-10-12,Hyderabad,unknown,2,79161,158322,Cash
2016,C18,P6,2025-10-13,Delhi,West,3,15423,46269,Credit Card
2017,C11,P1,2025-10-14,unknown,South,1,26050,26050,Debit Card
2018,C3,P6,2025-10-15,Bangalore,unknown,1,24161,24161,UPI
2019,C65,P27,2025-10-16,Hyderabad,West,3,4489,13467,Debit Card
2020,C110,P6,2025-10-17,Mumbai,South,2,75753,151506,Debit Card
2021,C5,P27,2025-10-18,Chennai,unknown,1,35103,35103,Cash
2022,C6,P27,2025-10-19,Hyderabad,East,2,32998,65996,Debit Card
2023,C105,P4,2025-10-20,unknown,North,3,50594,151782,UPI
2024,C61,P27,2025-10-21,Pune,South,1,31713,31713,Debit Card
2025,C431,P9,2025-10-22,Mumbai,unknown,3,75726,227178,Cash
2026,C16,P5,2025-10-23,Pune,unknown,3,12946,38838,Credit Card
2027,C124,P16,2025-10-24,Pune,West,4,54963,219852,Credit Card
2028,C41,P5,2025-10-25,Delhi,South,2,35208,70416,Credit Card
2029,C556,P5,2025-10-26,unknown,South,3,51309,153927,Cash
2030,C63,P4,2025-10-27,Pune,unknown,1,58126,58126,UPI
2031,C89,P27,2025-10-28,unknown,West,4,42817,171268,Cash
2032,C68,P6,2025-10-29,unknown,South,2,7324,14648,UPI
2033,C556,P20,2025-10-30,Chennai,West,2,52052,104104,unknown
2034,C60,P1,2025-10-31,unknown,South,4,44442,177768,Cash
2035,C113,P9,2025-11-01,unknown,East,1,77279,77279,Debit Card
2036,C126,P16,2025-11-02,Mumbai,East,1,52001,52001,unknown
2037,C151,P2,2025-11-03,Hyderabad,unknown,3,17310,51930,Cash
2039,C140,P1,2025-11-05,Hyderabad,East,4,62659,250636,UPI
2040,C11,P1,2025-11-06,Hyderabad,North,4,17473,69892,unknown
2041,C62,P4,2025-11-07,Pune,East,1,33762,33762,unknown
2042,C59,P27,2025-11-08,Mumbai,East,2,50916,101832,unknown
2043,C11,P16,2025-11-09,Mumbai,unknown,3,25935,77805,Credit Card
2045,C105,P4,2025-11-11,Pune,East,4,66792,267168,UPI
2046,C11,P11,2025-11-12,Bangalore,West,3,46546,139638,Credit Card
2047,C11,P20,2025-11-13,Mumbai,East,4,6167,24668,UPI
2048,C133,P27,2025-11-14,Bangalore,unknown,2,39916,79832,Debit Card
2049,C64,P4,2025-11-15,Pune,North,4,48901,195604,unknown
2051,C10,P9,2025-11-17,Delhi,South,1,75929,75929,Credit Card
2052,C31,P27,2025-11-18,unknown,unknown,1,45935,45935,Debit Card
2053,C3,P6,2025-11-19,Hyderabad,South,2,33269,66538,unknown
2054,C266,P20,2025-11-20,Pune,unknown,2,2254,4508,Credit Card
2055,C238,P6,2025-11-21,unknown,unknown,1,18890,18890,Debit Card
2056,C18,P5,2025-11-22,Mumbai,South,4,47501,190004,unknown
2057,C13,P9,2025-11-23,Bangalore,unknown,3,31496,94488,Credit Card
2058,C11,P2,2025-11-24,Pune,North,1,78902,78902,unknown
2059,C152,P20,2025-11-25,Pune,unknown,3,51753,155259,Cash
2060,C126,P9,2025-11-26,Bangalore,unknown,3,30157,90471,Credit Card
2062,C11,P27,2025-11-28,Hyderabad,South,1,12126,12126,Cash
2063,C325,P9,2025-11-29,Bangalore,East,4,69937,279748,Cash
2064,C126,P5,2025-11-30,Pune,unknown,1,61035,61035,unknown
2065,C55,P5,2025-12-01,Mumbai,South,2,5118,10236,unknown
2066,C21,P1,2025-12-02,unknown,South,4,54199,216796,Credit Card
2067,C32,P16,2025-12-03,Chennai,South,3,11983,35949,UPI
2068,C16,P20,2025-12-04,Chennai,South,3,56400,169200,unknown
2069,C122,P20,2025-12-05,unknown,unknown,2,19857,39714,Cash
2070,C73,P5,2025-12-06,Hyderabad,West,2,61148,122296,Debit Card
2071,C11,P9,2025-12-07,Bangalore,South,2,48158,96316,Cash
2072,C11,P9,2025-12-08,Hyderabad,West,4,22556,90224,Cash
2073,C231,P6,2025-12-09,Bangalore,North,3,59791,179373,unknown
2074,C98,P16,2025-12-10,Delhi,unknown,2,57719,115438,Debit Card
2075,C113,P4,2025-12-11,unknown,West,3,55420,166260,Cash
2076,C157,P11,2025-12-12,Hyderabad,West,3,52893,158679,unknown
2077,C133,P9,2025-12-13,Pune,East,3,49140,147420,UPI
2078,C44,P16,2025-12-14,Bangalore,East,3,41352,124056,UPI
2079,C81,P9,2025-12-15,unknown,unknown,4,50615,202460,Credit Card
2080,C125,P20,2025-12-16,unknown,North,1,14621,14621,Debit Card
2081,C65,P6,2025-12-17,Chennai,unknown,1,57661,57661,Debit Card
2082,C124,P27,2025-12-18,Mumbai,unknown,3,67305,201915,Credit Card
2084,C45,P2,2025-12-20,Hyderabad,North,3,48703,146109,Credit Card
2085,C29,P27,2025-12-21,Bangalore,East,2,19350,38700,Credit Card
2086,C142,P11,2025-12-22,Chennai,West,1,49245,49245,Credit Card
2087,C325,P27,2025-12-23,unknown,North,2,45159,90318,Credit Card
2088,C286,P1,2025-12-24,unknown,East,3,51694,155082,Debit Card
2089,C50,P20,2025-12-25,Pune,North,3,31045,93135,UPI
2090,C77,P4,2025-12-26,Pune,South,3,30814,92442,Cash
2091,C60,P27,2025-12-27,unknown,North,3,73772,221316,unknown
2092,C16,P5,2025-12-28,Bangalore,unknown,4,23479,93916,UPI
2093,C87,P27,2025-12-29,Delhi,South,1,8310,8310,Credit Card
2094,C1,P27,2025-12-30,Chennai,East,2,41071,82142,Credit Card
2095,C43,P9,2025-12-31,Pune,West,3,44594,133782,UPI
2096,C38,P20,2026-01-01,Mumbai,North,4,47806,191224,Cash
2097,C87,P5,2026-01-02,Chennai,South,2,67568,135136,Debit Card
2098,C11,P1,2026-01-03,Delhi,South,4,43178,172712,Debit Card
2099,C131,P27,2026-01-04,unknown,East,4,75841,303364,Debit Card
2100,C61,P6,2026-01-05,Pune,West,4,62464,249856,Debit Card
2101,C63,P5,2026-01-06,unknown,East,2,47342,94684,UPI
2102,C55,P4,2026-01-07,Mumbai,North,3,70850,212550,UPI
2103,C2,P6,2026-01-08,Pune,North,3,48517,145551,Debit Card
2104,C11,P27,2026-01-09,Delhi,East,4,38673,154692,UPI
2105,C30,P5,2026-01-10,Chennai,unknown,3,79261,237783,Credit Card
2106,C11,P20,2026-01-11,unknown,North,2,48234,96468,Credit Card
2107,C5,P11,2026-01-12,Chennai,North,4,3825,15300,Credit Card
2108,C28,P20,2026-01-13,Hyderabad,South,1,70985,70985,Credit Card
2109,C102,P20,2026-01-14,Bangalore,East,4,12291,49164,Debit Card
2110,C31,P11,2026-01-15,Chennai,North,4,48608,194432,Credit Card
2111,C77,P4,2026-01-16,Bangalore,unknown,4,70006,280024,Debit Card
2112,C53,P9,2026-01-17,Delhi,unknown,1,20803,20803,unknown
2113,C16,P5,2026-01-18,Pune,North,2,28702,57404,Credit Card
2114,C11,P16,2026-01-19,Delhi,North,4,49069,196276,unknown
2115,C65,P4,2026-01-20,Pune,unknown,2,79748,159496,Credit Card
2116,C39,P9,2026-01-21,Pune,East,4,1183,4732,Debit Card
2117,C33,P27,2026-01-22,Hyderabad,North,1,53583,53583,unknown
2118,C77,P20,2026-01-23,Chennai,North,2,57668,115336,Debit Card
2119,C9,P4,2026-01-24,Delhi,North,4,36859,147436,unknown
2120,C97,P9,2026-01-25,Pune,West,4,24449,97796,unknown
2121,C9,P27,2026-01-26,Hyderabad,West,4,78558,314232,Cash
2122,C35,P27,2026-01-27,Chennai,East,3,14540,43620,Debit Card
2123,C133,P4,2026-01-28,Hyderabad,South,2,79047,158094,Debit Card
2124,C89,P11,2026-01-29,unknown,South,3,70998,212994,Cash
2126,C110,P9,2026-01-31,Pune,unknown,2,35944,71888,Credit Card
2127,C126,P2,2026-02-01,Mumbai,North,3,32115,96345,Credit Card
2128,C22,P11,2026-02-02,Delhi,North,1,4344,4344,UPI
2129,C91,P5,2026-02-03,Hyderabad,East,3,21613,64839,Credit Card
2130,C5,P1,2026-02-04,Mumbai,North,2,9726,19452,Debit Card
2131,C73,P5,2026-02-05,Delhi,South,3,68298,204894,Credit Card
2132,C124,P1,2026-02-06,Pune,West,4,36739,146956,UPI
2133,C101,P4,2026-02-07,unknown,West,4,29258,117032,UPI
2134,C60,P1,2026-02-08,Delhi,West,2,23082,46164,Cash
2135,C97,P5,2026-02-09,Bangalore,South,1,21190,21190,UPI
2137,C55,P11,2026-02-11,Delhi,unknown,1,13367,13367,Debit Card
2138,C176,P27,2026-02-12,Delhi,unknown,2,69404,138808,Debit Card
2139,C16,P16,2026-02-13,Mumbai,unknown,4,71639,286556,Debit Card
2140,C11,P27,2026-02-14,Bangalore,South,2,32940,65880,Cash
2141,C62,P4,2026-02-15,Bangalore,West,2,44870,89740,unknown
2142,C556,P1,2026-02-16,Chennai,North,3,14776,44328,UPI
2143,C89,P5,2026-02-17,Delhi,West,1,8041,8041,unknown
2144,C13,P6,2026-02-18,Bangalore,West,3,33474,100422,Debit Card
2145,C21,P11,2026-02-19,Mumbai,East,3,67532,202596,Credit Card
2146,C49,P4,2026-02-20,Delhi,South,4,17572,70288,Cash
2147,C9,P1,2026-02-21,Chennai,East,3,23467,70401,unknown
2148,C325,P11,2026-02-22,Hyderabad,East,3,39810,119430,Cash
2149,C220,P1,2026-02-23,Mumbai,South,3,10514,31542,UPI
2150,C1,P20,2026-02-24,Delhi,West,1,47346,47346,unknown
2151,C48,P9,2026-02-25,Pune,unknown,1,61406,61406,Credit Card
2152,C80,P5,2026-02-26,Hyderabad,North,2,2721,5442,unknown
2153,C89,P4,2026-02-27,Chennai,South,4,4392,17568,Credit Card
2154,C104,P20,2026-02-28,unknown,West,3,47942,143826,Debit Card
2155,C63,P16,2026-03-01,Hyderabad,East,3,41792,125376,Credit Card
2156,C11,P9,2026-03-02,Mumbai,North,1,46932,46932,Debit Card
2157,C39,P2,2026-03-03,Bangalore,East,2,59005,118010,Debit Card
2158,C2,P2,2026-03-04,Hyderabad,South,2,45887,91774,Debit Card
2159,C152,P1,2026-03-05,Chennai,North,4,59605,238420,unknown
2160,C32,P20,2026-03-06,Chennai,West,1,16979,16979,UPI
2161,C35,P5,2026-03-07,Delhi,East,1,11903,11903,Credit Card
2162,C303,P11,2026-03-08,Chennai,South,4,73121,292484,Debit Card
2163,C71,P27,2026-03-09,Chennai,unknown,4,59627,238508,unknown
2164,C87,P9,2026-03-10,Mumbai,South,2,7139,14278,Debit Card
2165,C29,P4,2026-03-11,unknown,North,3,23636,70908,unknown
2166,C401,P20,2026-03-12,Mumbai,North,1,2366,2366,Debit Card
2167,C27,P27,2026-03-13,Hyderabad,West,1,65415,65415,Cash
2168,C131,P9,2026-03-14,Pune,West,1,53619,53619,Debit Card
2169,C39,P2,2026-03-15,Delhi,North,2,27718,55436,Credit Card
2170,C33,P2,2026-03-16,Mumbai,East,3,74827,224481,UPI
2171,C41,P11,2026-03-17,Mumbai,North,2,54414,108828,Debit Card
2172,C176,P9,2026-03-18,Mumbai,East,4,43113,172452,unknown
2173,C176,P20,2026-03-19,Bangalore,South,1,59465,59465,Cash
2174,C91,P16,2026-03-20,Pune,West,4,76957,307828,Cash
2175,C134,P4,2026-03-21,Pune,West,1,10554,10554,Cash
2176,C91,P1,2026-03-22,unknown,unknown,1,70566,70566,Cash
2177,C4,P5,2026-03-23,Chennai,North,1,44983,44983,Debit Card
2178,C87,P11,2026-03-24,Mumbai,South,1,71981,71981,Credit Card
2179,C27,P5,2026-03-25,Hyderabad,South,3,21425,64275,Cash
2180,C105,P16,2026-03-26,Bangalore,North,1,37269,37269,unknown
2181,C286,P16,2026-03-27,Bangalore,South,1,4546,4546,Credit Card
2182,C34,P4,2026-03-28,Pune,unknown,3,54471,163413,UPI
2183,C50,P1,2026-03-29,unknown,unknown,3,38477,115431,unknown
2184,C124,P6,2026-03-30,Chennai,North,4,62544,250176,Cash
2185,C134,P20,2026-03-31,Chennai,East,3,21981,65943,Cash
2186,C266,P5,2026-04-01,Mumbai,East,3,11033,33099,UPI
2187,C146,P1,2026-04-02,Bangalore,East,3,17789,53367,UPI
2188,C16,P11,2026-04-03,Pune,unknown,1,19321,19321,Cash
2190,C44,P16,2026-04-05,Hyderabad,unknown,3,27386,82158,Debit Card
2191,C3,P11,2026-04-06,Delhi,unknown,1,2839,2839,unknown
2192,C65,P6,2026-04-07,Pune,West,1,27910,27910,Cash
2193,C325,P6,2026-04-08,Delhi,West,3,69807,209421,unknown
2195,C122,P9,2026-04-10,Hyderabad,West,1,25695,25695,Debit Card
2196,C80,P9,2026-04-11,Pune,West,3,61800,185400,unknown
2197,C28,P6,2026-04-12,Bangalore,South,3,15822,47466,unknown
2198,C139,P9,2026-04-13,unknown,unknown,4,40475,161900,Credit Card
2199,C125,P27,2026-04-14,Bangalore,unknown,3,17453,52359,UPI
