Product,product_id
Table,P1
Headphones,P2
Table,P3
Mouse,P4
Keyboard,P5
Laptop,P6
Table,P7
Table,P8
Sofa,P9
Headphones,P10
Chair,P11
Headphones,P12
Keyboard,P13
Table,P14
Sofa,P15
Monitor,P16
Headphones,P17
Chair,P18
Laptop,P19
Mobile,P20
Mouse,P21
Laptop,P22
Laptop,P23
Mobile,P24
Keyboard,P25
Mobile,P26
Tablet,P27
Monitor,P28
Tablet,P29
Chair,P30
Table,P31
Monitor,P32
Table,P33
Chair,P34
Keyboard,P35
Monitor,P36
Mouse,P37
Keyboard,P38
Sofa,P39
Tablet,P40
Headphones,P41
Sofa,P42
Headphones,P43
Table,P44
Mouse,P45
Mobile,P46
Sofa,P47
Monitor,P48
Mobile,P49
Monitor,P50
Keyboard,P51
Mobile,P52
Mobile,P53
Keyboard,P54
Keyboard,P55
Table,P56
Table,P57
Mobile,P58
Keyboard,P59
Laptop,P60
Table,P61
Keyboard,P62
Mobile,P63
Table,P64
Chair,P65
Laptop,P66
Mouse,P67
Monitor,P68
Table,P69
Monitor,P70
Mouse,P71
Laptop,P72
Monitor,P73
Mouse,P74
Headphones,P75
Mobile,P76
Mouse,P77
Tablet,P78
Laptop,P79
Laptop,P80
Chair,P81
Monitor,P82
Laptop,P83
Chair,P84
Table,P85
Laptop,P86
Mobile,P87
Chair,P88
Monitor,P89
Tablet,P90
Keyboard,P91
Monitor,P92
Mobile,P93
Mouse,P94
Table,P95
Chair,P96
Sofa,P97
Chair,P98
Tablet,P99
Keyboard,P100
Sofa,P101
Sofa,P102
Sofa,P103
Headphones,P104
Table,P105
Sofa,P106
Tablet,P107
Tablet,P108
Tablet,P109
Monitor,P110
Chair,P111
Mouse,P112
Mobile,P113
Keyboard,P114
Keyboard,P115
Monitor,P116
Table,P117
Table,P118
Mobile,P119
Sofa,P120
Sofa,P121
Laptop,P122
Laptop,P123
Chair,P124
Mobile,P125
Sofa,P126
Keyboard,P127
Sofa,P128
Sofa,P129
Monitor,P130
Chair,P131
Monitor,P132
Keyboard,P133
Sofa,P134
Mobile,P135
Keyboard,P136
Tablet,P137
Chair,P138
Sofa,P139
Sofa,P140
Laptop,P141
Sofa,P142
Chair,P143
Tablet,P144
Sofa,P145
Mobile,P146
Sofa,P147
Mouse,P148
Laptop,P149
Mouse,P150
Mobile,P151
Tablet,P152
Chair,P153
Mobile,P154
Chair,P155
Table,P156
Table,P157
Mouse,P158
Mouse,P159
Table,P160
Table,P161
Mouse,P162
Mobile,P163
Keyboard,P164
Tablet,P165
Table,P166
Monitor,P167
Tablet,P168
Monitor,P169
Headphones,P170
Table,P171
Sofa,P172
Tablet,P173
Sofa,P174
Sofa,P175
Sofa,P176
Headphones,P177
Keyboard,P178
Monitor,P179
Headphones,P180
Sofa,P181
Mobile,P182
Tablet,P183
Mobile,P184
Sofa,P185
Chair,P186
Keyboard,P187
Table,P188
Headphones,P189
Monitor,P190
Sofa,P191
Tablet,P192
Sofa,P193
Monitor,P194
Mobile,P195
Keyboard,P196
Chair,P197
Laptop,P198
Chair,P199
Mouse,P200
Mouse,P201
Headphones,P202
Chair,P203
Mouse,P204
Table,P205
Table,P206
Mobile,P207
Monitor,P208
Headphones,P209
Tablet,P210
Laptop,P211
Mobile,P212
Mobile,P213
Mobile,P214
Table,P215
Table,P216
Monitor,P217
Keyboard,P218
Headphones,P219
Chair,P220
Keyboard,P221
Sofa,P222
Tablet,P223
Keyboard,P224
Monitor,P225
Headphones,P226
Monitor,P227
Tablet,P228
Tablet,P229
Chair,P230
Mobile,P231
Monitor,P232
Tablet,P233
Table,P234
Mouse,P235
Headphones,P236
Table,P237
Keyboard,P238
Mobile,P239
Mobile,P240
Chair,P241
Mouse,P242
Table,P243
Tablet,P244
Monitor,P245
Chair,P246
Keyboard,P247
Sofa,P248
Chair,P249
Keyboard,P250
Mobile,P251
Chair,P252
Headphones,P253
Chair,P254
Keyboard,P255
Chair,P256
Laptop,P257
Laptop,P258
Tablet,P259
Mobile,P260
Keyboard,P261
Mouse,P262
Headphones,P263
Tablet,P264
Laptop,P265
Monitor,P266
Laptop,P267
Chair,P268
Mouse,P269
Sofa,P270
Chair,P271
Keyboard,P272
Laptop,P273
Keyboard,P274
Headphones,P275
Monitor,P276
Table,P277
Tablet,P278
Headphones,P279
Headphones,P280
Sofa,P281
Laptop,P282
Monitor,P283
Chair,P284
Chair,P285
Sofa,P286
Laptop,P287
Mobile,P288
Laptop,P289
Chair,P290
Keyboard,P291
Laptop,P292
Keyboard,P293
Sofa,P294
Keyboard,P295
Mouse,P296
Table,P297
Headphones,P298
Keyboard,P299
Monitor,P300
Headphones,P301
Tablet,P302
Sofa,P303
Monitor,P304
Sofa,P305
Chair,P306
Chair,P307
Mouse,P308
Keyboard,P309
Mouse,P310
Mouse,P311
Mobile,P312
Sofa,P313
Tablet,P314
Headphones,P315
Sofa,P316
Laptop,P317
Tablet,P318
Headphones,P319
Mouse,P320
Mouse,P321
Laptop,P322
Mouse,P323
Tablet,P324
Monitor,P325
Mobile,P326
Mobile,P327
Tablet,P328
Headphones,P329
Table,P330
Table,P331
Mobile,P332
Keyboard,P333
Keyboard,P334
Headphones,P335
Sofa,P336
Table,P337
Sofa,P338
Table,P339
Laptop,P340
Mouse,P341
Chair,P342
Laptop,P343
Monitor,P344
Headphones,P345
Mobile,P346
Table,P347
Table,P348
Tablet,P349
Sofa,P350
Headphones,P351
Monitor,P352
Mobile,P353
Table,P354
Monitor,P355
Tablet,P356
Table,P357
Laptop,P358
Headphones,P359
Monitor,P360
Mouse,P361
Chair,P362
Chair,P363
Tablet,P364
Laptop,P365
Chair,P366
Chair,P367
Chair,P368
Sofa,P369
Headphones,P370
Laptop,P371
Keyboard,P372
Keyboard,P373
Laptop,P374
Keyboard,P375
Laptop,P376
Keyboard,P377
Sofa,P378
Keyboard,P379
Mobile,P380
Table,P381
Sofa,P382
Sofa,P383
Sofa,P384
Tablet,P385
Monitor,P386
Chair,P387
Laptop,P388
Table,P389
Headphones,P390
Mouse,P391
Tablet,P392
Mobile,P393
Sofa,P394
Headphones,P395
Headphones,P396
Table,P397
Table,P398
Monitor,P399
Table,P400
Tablet,P401
Headphones,P402
Tablet,P403
Tablet,P404
Headphones,P405
Mouse,P406
Headphones,P407
Monitor,P408
Keyboard,P409
Table,P410
Mouse,P411
Mouse,P412
Headphones,P413
Chair,P414
Tablet,P415
Laptop,P416
Laptop,P417
Laptop,P418
Chair,P419
Headphones,P420
Tablet,P421
Tablet,P422
Monitor,P423
Monitor,P424
Monitor,P425
Table,P426
Mobile,P427
Tablet,P428
Chair,P429
Sofa,P430
Table,P431
Laptop,P432
Mobile,P433
Monitor,P434
Table,P435
Keyboard,P436
Table,P437
Table,P438
Tablet,P439
Laptop,P440
Sofa,P441
Tablet,P442
Monitor,P443
Tablet,P444
Headphones,P445
Sofa,P446
Chair,P447
Tablet,P448
Mobile,P449
Laptop,P450
Sofa,P451
Mouse,P452
Keyboard,P453
Headphones,P454
Monitor,P455
Tablet,P456
Mouse,P457
Keyboard,P458
Mobile,P459
Monitor,P460
Keyboard,P461
Keyboard,P462
Laptop,P463
Laptop,P464
Mobile,P465
Laptop,P466
Keyboard,P467
Chair,P468
Table,P469
Mobile,P470
Laptop,P471
Keyboard,P472
Table,P473
Tablet,P474
Tablet,P475
Chair,P476
Table,P477
Monitor,P478
Keyboard,P479
Sofa,P480
Monitor,P481
Keyboard,P482
Mobile,P483
Mouse,P484
Chair,P485
Laptop,P486
Sofa,P487
Table,P488
Keyboard,P489
Laptop,P490
Chair,P491
Table,P492
Laptop,P493
Headphones,P494
Headphones,P495
Mobile,P496
Monitor,P497
Headphones,P498
Mobile,P499
Mobile,P500
Table,P501
Laptop,P502
Sofa,P503
Headphones,P504
Mouse,P505
Chair,P506
Laptop,P507
Monitor,P508
Laptop,P509
Headphones,P510
Chair,P511
Mobile,P512
Keyboard,P513
Chair,P514
Headphones,P515
Laptop,P516
Tablet,P517
Sofa,P518
Tablet,P519
Sofa,P520
Sofa,P521
Laptop,P522
Tablet,P523
Headphones,P524
Chair,P525
Headphones,P526
Laptop,P527
Monitor,P528
Tablet,P529
Table,P530
Sofa,P531
Mouse,P532
Tablet,P533
Tablet,P534
Table,P535
Headphones,P536
Sofa,P537
Sofa,P538
Sofa,P539
Table,P540
Sofa,P541
Headphones,P542
Mouse,P543
Keyboard,P544
Mouse,P545
Mouse,P546
Mobile,P547
Mouse,P548
Tablet,P549
Tablet,P550
Mouse,P551
Mobile,P552
Chair,P553
Monitor,P554
Table,P555
Keyboard,P556
Keyboard,P557
Headphones,P558
Headphones,P559
Sofa,P560
Headphones,P561
Keyboard,P562
Keyboard,P563
Laptop,P564
Mouse,P565
Sofa,P566
Monitor,P567
Laptop,P568
Table,P569
Headphones,P570
Mouse,P571
Keyboard,P572
Tablet,P573
Mouse,P574
Sofa,P575
Mobile,P576
Table,P577
Laptop,P578
Keyboard,P579
Keyboard,P580
Mobile,P581
Headphones,P582
Mobile,P583
Mobile,P584
Tablet,P585
Monitor,P586
Headphones,P587
Tablet,P588
Laptop,P589
Tablet,P590
Mouse,P591
Table,P592
Laptop,P593
Tablet,P594
Sofa,P595
Tablet,P596
Sofa,P597
Chair,P598
Mouse,P599
Mobile,P600
Mobile,P601
Table,P602
Monitor,P603
Table,P604
Headphones,P605
Headphones,P606
Sofa,P607
Headphones,P608
Table,P609
Laptop,P610
Table,P611
Mouse,P612
Mobile,P613
Tablet,P614
Mouse,P615
Keyboard,P616
Sofa,P617
Tablet,P618
Headphones,P619
Sofa,P620
Chair,P621
Tablet,P622
Laptop,P623
Headphones,P624
Mouse,P625
Headphones,P626
Tablet,P627
Table,P628
Sofa,P629
Mobile,P630
Table,P631
Chair,P632
Laptop,P633
Monitor,P634
Sofa,P635
Keyboard,P636
Chair,P637
Keyboard,P638
Tablet,P639
Headphones,P640
Monitor,P641
Chair,P642
Chair,P643
Table,P644
Table,P645
Mouse,P646
Sofa,P647
Headphones,P648
Keyboard,P649
Headphones,P650
Chair,P651
Keyboard,P652
Laptop,P653
Laptop,P654
Laptop,P655
Sofa,P656
Table,P657
Tablet,P658
Chair,P659
Mouse,P660
Tablet,P661
Keyboard,P662
Chair,P663
Mobile,P664
Sofa,P665
Headphones,P666
Chair,P667
Headphones,P668
Tablet,P669
Headphones,P670
Tablet,P671
Mobile,P672
Monitor,P673
Mouse,P674
Table,P675
Table,P676
Headphones,P677
Headphones,P678
Chair,P679
Chair,P680
Mobile,P681
Table,P682
Tablet,P683
Laptop,P684
Laptop,P685
Monitor,P686
Chair,P687
Sofa,P688
Table,P689
Mobile,P690
Mouse,P691
Mobile,P692
Table,P693
Laptop,P694
Table,P695
Headphones,P696
Chair,P697
Headphones,P698
Monitor,P699
Tablet,P700
Laptop,P701
Table,P702
Laptop,P703
Monitor,P704
Tablet,P705
Headphones,P706
Sofa,P707
Monitor,P708
Chair,P709
Headphones,P710
Keyboard,P711
Mobile,P712
Tablet,P713
Mobile,P714
Mobile,P715
Mobile,P716
Mobile,P717
Headphones,P718
Mobile,P719
Chair,P720
Chair,P721
Laptop,P722
Table,P723
Laptop,P724
Table,P725
Tablet,P726
Sofa,P727
Mobile,P728
Mouse,P729
Tablet,P730
Mouse,P731
Mobile,P732
Chair,P733
Sofa,P734
Tablet,P735
Mobile,P736
Tablet,P737
Monitor,P738
Laptop,P739
Mouse,P740
Sofa,P741
Chair,P742
Laptop,P743
Keyboard,P744
Monitor,P745
Laptop,P746
Tablet,P747
Laptop,P748
Chair,P749
Table,P750
Monitor,P751
Sofa,P752
Sofa,P753
Headphones,P754
Sofa,P755
Chair,P756
Mouse,P757
Headphones,P758
Chair,P759
Mouse,P760
Tablet,P761
Keyboard,P762
Keyboard,P763
Monitor,P764
Tablet,P765
Mobile,P766
Tablet,P767
Monitor,P768
Keyboard,P769
Laptop,P770
Sofa,P771
Mobile,P772
Mouse,P773
Chair,P774
Mobile,P775
Table,P776
Chair,P777
Mobile,P778
Headphones,P779
Sofa,P780
Mobile,P781
Mobile,P782
Tablet,P783
Chair,P784
Laptop,P785
Sofa,P786
Keyboard,P787
Monitor,P788
Keyboard,P789
Laptop,P790
Mouse,P791
Tablet,P792
Laptop,P793
Keyboard,P794
Monitor,P795
Tablet,P796
Headphones,P797
Sofa,P798
Table,P799
Monitor,P800
Monitor,P801
Laptop,P802
Monitor,P803
Chair,P804
Sofa,P805
Chair,P806
Mobile,P807
Keyboard,P808
Chair,P809
Monitor,P810
Laptop,P811
Laptop,P812
Table,P813
Mouse,P814
Monitor,P815
Sofa,P816
Headphones,P817
Mobile,P818
Keyboard,P819
Monitor,P820
Tablet,P821
Keyboard,P822
Mouse,P823
Mouse,P824
Headphones,P825
Headphones,P826
Mouse,P827
Table,P828
Monitor,P829
Mobile,P830
Keyboard,P831
Table,P832
Chair,P833
Mouse,P834
Mouse,P835
Keyboard,P836
Monitor,P837
Mouse,P838
Laptop,P839
Mobile,P840
Chair,P841
Chair,P842
Laptop,P843
Mobile,P844
Mouse,P845
Tablet,P846
Tablet,P847
Monitor,P848
Headphones,P849
Mobile,P850
Laptop,P851
Monitor,P852
Monitor,P853
Keyboard,P854
Headphones,P855
Chair,P856
Headphones,P857
Sofa,P858
Chair,P859
Monitor,P860
Headphones,P861
Keyboard,P862
Headphones,P863
Mouse,P864
Mobile,P865
Monitor,P866
Sofa,P867
Monitor,P868
Chair,P869
Sofa,P870
Headphones,P871
Table,P872
Mobile,P873
Mouse,P874
Mouse,P875
Keyboard,P876
Laptop,P877
Sofa,P878
Monitor,P879
Mobile,P880
Tablet,P881
Chair,P882
Keyboard,P883
Keyboard,P884
Sofa,P885
Table,P886
Keyboard,P887
Table,P888
Tablet,P889
Laptop,P890
Mobile,P891
Tablet,P892
Table,P893
Table,P894
Chair,P895
Table,P896
Sofa,P897
Table,P898
Tablet,P899
Mobile,P900
Laptop,P901
Monitor,P902
Chair,P903
Headphones,P904
Keyboard,P905
Laptop,P906
Mouse,P907
Laptop,P908
Table,P909
Mouse,P910
Laptop,P911
Tablet,P912
Chair,P913
Laptop,P914
Laptop,P915
Tablet,P916
Headphones,P917
Keyboard,P918
Tablet,P919
Laptop,P920
Monitor,P921
Tablet,P922
Headphones,P923
Monitor,P924
Sofa,P925
Keyboard,P926
Mobile,P927
Sofa,P928
Table,P929
Laptop,P930
Keyboard,P931
Mouse,P932
Laptop,P933
Keyboard,P934
Mouse,P935
Mobile,P936
Chair,P937
Laptop,P938
Table,P939
Tablet,P940
Headphones,P941
Table,P942
Mobile,P943
Monitor,P944
Mobile,P945
Laptop,P946
Monitor,P947
Laptop,P948
Tablet,P949
Chair,P950
Sofa,P951
Keyboard,P952
Sofa,P953
Headphones,P954
Table,P955
Laptop,P956
Laptop,P957
Headphones,P958
Mouse,P959
Mouse,P960
Keyboard,P961
Chair,P962
Laptop,P963
Table,P964
Laptop,P965
Tablet,P966
Laptop,P967
Tablet,P968
Tablet,P969
Mouse,P970
Tablet,P971
Sofa,P972
Keyboard,P973
Monitor,P974
Keyboard,P975
Keyboard,P976
Mouse,P977
Tablet,P978
Laptop,P979
Mobile,P980
Table,P981
Sofa,P982
Monitor,P983
Headphones,P984
Table,P985
Table,P986
Mouse,P987
Tablet,P988
Monitor,P989
Mouse,P990
Chair,P991
Mobile,P992
Tablet,P993
Mouse,P994
Sofa,P995
Tablet,P996
Laptop,P997
Mobile,P998
Laptop,P999
Keyboard,P1000
Sofa,P1001
Headphones,P1002
Mobile,P1003
Sofa,P1004
Tablet,P1005
Sofa,P1006
Keyboard,P1007
Keyboard,P1008
Table,P1009
Monitor,P1010
Mobile,P1011
Mobile,P1012
Keyboard,P1013
Sofa,P1014
Sofa,P1015
Laptop,P1016
Monitor,P1017
Mouse,P1018
Chair,P1019
Sofa,P1020
Monitor,P1021
Sofa,P1022
Mobile,P1023
Laptop,P1024
Tablet,P1025
Headphones,P1026
Tablet,P1027
Chair,P1028
Tablet,P1029
Table,P1030
Mobile,P1031
Mouse,P1032
Tablet,P1033
Keyboard,P1034
Tablet,P1035
Tablet,P1036
Sofa,P1037
Mobile,P1038
Keyboard,P1039
Table,P1040
Tablet,P1041
Laptop,P1042
Keyboard,P1043
Mouse,P1044
Laptop,P1045
Tablet,P1046
Keyboard,P1047
Mobile,P1048
Chair,P1049
Mobile,P1050
Mobile,P1051
Chair,P1052
Mouse,P1053
Sofa,P1054
Keyboard,P1055
Monitor,P1056
Mouse,P1057
Sofa,P1058
Tablet,P1059
Mobile,P1060
Mouse,P1061
Sofa,P1062
Tablet,P1063
Tablet,P1064
Mouse,P1065
Chair,P1066
Sofa,P1067
Headphones,P1068
Chair,P1069
Keyboard,P1070
Table,P1071
Keyboard,P1072
Table,P1073
Mouse,P1074
Table,P1075
Keyboard,P1076
Chair,P1077
Tablet,P1078
Monitor,P1079
Tablet,P1080
Mouse,P1081
Table,P1082
Keyboard,P1083
Laptop,P1084
Chair,P1085
Mouse,P1086
Table,P1087
Chair,P1088
Table,P1089
Mobile,P1090
Sofa,P1091
Keyboard,P1092
Mouse,P1093
Mobile,P1094
Monitor,P1095
Sofa,P1096
Headphones,P1097
Headphones,P1098
Table,P1099
Mobile,P1100
Keyboard,P1101
Chair,P1102
Tablet,P1103
Sofa,P1104
Mouse,P1105
Mobile,P1106
Tablet,P1107
Sofa,P1108
Headphones,P1109
Headphones,P1110
Chair,P1111
Sofa,P1112
Mobile,P1113
Monitor,P1114
Mouse,P1115
Table,P1116
Keyboard,P1117
Chair,P1118
Keyboard,P1119
Monitor,P1120
Monitor,P1121
Mouse,P1122
Table,P1123
Laptop,P1124
Mobile,P1125
Keyboard,P1126
Table,P1127
Chair,P1128
Monitor,P1129
Chair,P1130
Laptop,P1131
Laptop,P1132
Sofa,P1133
Sofa,P1134
Laptop,P1135
Sofa,P1136
Tablet,P1137
